,お題,回答,評価値
0,なんか嫌だったマリオの1-1,ワイプでピーチ姫が笑ってる,81.69
1,なんか嫌だったマリオの1-1,敵もゴールに向かってる,78.85
2,なんか嫌だったマリオの1-1,みんな汁物持ってる,77.42
3,なんか嫌だったマリオの1-1,奪った金:21　奪った命:8　評価:B,74.58
4,なんか嫌だったマリオの1-1,「1-1まんじゅう」を売っている,73.15
5,なんか嫌だったマリオの1-1,踏む時スローになる,71.73
6,なんか嫌だったマリオの1-1,住所を入力する,67.46
7,なんか嫌だったマリオの1-1,観光客で混んでる,66.04
8,なんか嫌だったマリオの1-1,脇腹を押さえてる,64.61
9,なんか嫌だったマリオの1-1,悲鳴が耳に残ってる,64.61
10,なんか嫌だったマリオの1-1,ハテナブロックが半角だった,63.19
11,なんか嫌だったマリオの1-1,カップルが道を塞いでる,63.19
12,なんか嫌だったマリオの1-1,死ぬたびにスタッフ笑いが入る,63.19
13,なんか嫌だったマリオの1-1,タクシーで行ける所まで行く,63.19
14,なんか嫌だったマリオの1-1,ノコノコが産卵してた,63.19
15,なんか嫌だったマリオの1-1,最後に足洗い場がある,63.19
16,なんか嫌だったマリオの1-1,擦って倒す,61.77
17,なんか嫌だったマリオの1-1,表記が｢1-1｣じゃなくて｢一-一｣になってる,60.35
18,なんか嫌だったマリオの1-1,血の色を選ぶ,60.35
19,なんか嫌だったマリオの1-1,※このゲームには暴力シーンやグロテスクな表現が含まれています,58.92
20,なんか嫌だったマリオの1-1,BGMがメトロノーム,58.92
21,なんか嫌だったマリオの1-1,挨拶が大きすぎる,58.92
22,なんか嫌だったマリオの1-1,許してるのにまだ謝ってくる,58.92
23,なんか嫌だったマリオの1-1,かき分けて進む,57.5
24,なんか嫌だったマリオの1-1,ずっとスマホ見てる,57.5
25,なんか嫌だったマリオの1-1,あの頃の興奮がもう無い,57.5
26,なんか嫌だったマリオの1-1,アルファードに抜かれた,57.5
27,なんか嫌だったマリオの1-1,見過ごせない喧嘩がある,57.5
28,なんか嫌だったマリオの1-1,標識が多い,56.08
29,なんか嫌だったマリオの1-1,きのこがなめ茸,56.08
30,なんか嫌だったマリオの1-1,ゴール前の階段が下り,56.08
31,なんか嫌だったマリオの1-1,名前付けてから踏む,56.08
32,なんか嫌だったマリオの1-1,踏んでからネバつく,54.65
33,なんか嫌だったマリオの1-1,敵が潰れたまま残る,54.65
34,なんか嫌だったマリオの1-1,まだキノコもぐもぐしてる,54.65
35,なんか嫌だったマリオの1-1,踏んだ敵が溜まっていく,54.65
36,なんか嫌だったマリオの1-1,クッパがワクチンを悪く言ってる,54.65
37,なんか嫌だったマリオの1-1,ノコノコの甲羅にめっちゃ悪口書かれてる,53.23
38,なんか嫌だったマリオの1-1,蛍の光が流れてる,53.23
39,なんか嫌だったマリオの1-1,死体が残ってる,53.23
40,なんか嫌だったマリオの1-1,敵を踏むと「お上手！」って効果音が入る,53.23
41,なんか嫌だったマリオの1-1,※最も簡単なステージです　って書いてある,51.81
42,なんか嫌だったマリオの1-1,えずきながらキノコ食う,51.81
43,なんか嫌だったマリオの1-1,「1機」の説明される,51.81
44,なんか嫌だったマリオの1-1,クリボーに避けられる,51.81
45,なんか嫌だったマリオの1-1,１－１が寄り過ぎてて表示がHにしか見えない,51.81
46,なんか嫌だったマリオの1-1,ゴールが左にある,51.81
47,なんか嫌だったマリオの1-1,最初のクリボーに台詞がある,51.81
48,なんか嫌だったマリオの1-1,踏んだ痕が残る,51.81
49,なんか嫌だったマリオの1-1,キノピオで威力を試す,50.38
50,なんか嫌だったマリオの1-1,ノコノコが朝礼で怒られてる途中だった,50.38
51,なんか嫌だったマリオの1-1,踏むと「ブチュッ」と音がする,50.38
52,なんか嫌だったマリオの1-1,コピペで尺伸ばしてる,48.96
53,なんか嫌だったマリオの1-1,花火が昼で見えない,48.96
54,なんか嫌だったマリオの1-1,あれスタッフ笑いだよな,48.96
55,なんか嫌だったマリオの1-1,踏むと褒められる,48.96
56,なんか嫌だったマリオの1-1,マウス操作でやる,48.96
57,なんか嫌だったマリオの1-1,私立の奴は勉強してる,48.96
58,なんか嫌だったマリオの1-1,縦スクロール,48.96
59,なんか嫌だったマリオの1-1,カラオケみたいな採点をされた,48.96
60,なんか嫌だったマリオの1-1,スタッフの学歴が紹介される,48.96
61,なんか嫌だったマリオの1-1,ハテナブロック全部コインしかない,47.54
62,なんか嫌だったマリオの1-1,♪シャイニングスター続いた〜,47.54
63,なんか嫌だったマリオの1-1,ジャンプしただけでどよめきが上がる,47.54
64,なんか嫌だったマリオの1-1,クリボーの家族が見てる,47.54
65,なんか嫌だったマリオの1-1,敵の家族が見ている,47.54
66,なんか嫌だったマリオの1-1,掃除のおばちゃんが来てる,47.54
67,なんか嫌だったマリオの1-1,前のプレイヤーが踏んだクリボーの死骸が撤去されてない,47.54
68,なんか嫌だったマリオの1-1,見切れた姫がいる,46.11
69,なんか嫌だったマリオの1-1,カラスに見られてる,46.11
70,なんか嫌だったマリオの1-1,毒ピーチ城,46.11
71,なんか嫌だったマリオの1-1,ノコノコのガチダンス,46.11
72,なんか嫌だったマリオの1-1,左からもっと左に進む,46.11
73,なんか嫌だったマリオの1-1,クリボーを踏むときにちょっと沈み込む,46.11
74,なんか嫌だったマリオの1-1,最初に倒したクリボーがずっとスクロールの左にいる,44.69
75,なんか嫌だったマリオの1-1,クリボーが身内ノリで盛り上がってる,44.69
76,なんか嫌だったマリオの1-1,通り過ぎてから教えてくる,44.69
77,なんか嫌だったマリオの1-1,赤の点滅の信号が多い,44.69
78,なんか嫌だったマリオの1-1,全敵が逃げてく,44.69
79,なんか嫌だったマリオの1-1,プチュッ　プチュッ,44.69
80,なんか嫌だったマリオの1-1,背景が滝,44.69
81,なんか嫌だったマリオの1-1,左に進む,44.69
82,なんか嫌だったマリオの1-1,ピーチから5-1あたりから観にくるとの手紙,44.69
83,なんか嫌だったマリオの1-1,入れる土管がない,43.27
84,なんか嫌だったマリオの1-1,誰も攫われていないけど始まる。,43.27
85,なんか嫌だったマリオの1-1,おや？段差があって通られないね。でも大丈夫！「Aボタン」でジャンプができるよ。,43.27
86,なんか嫌だったマリオの1-1,ピーチ姫が普通にいる,43.27
87,なんか嫌だったマリオの1-1,近所のおじさんが庭に作った,43.27
88,なんか嫌だったマリオの1-1,踏んづけたクリボーがちょいゲロを吐いた,43.27
89,なんか嫌だったマリオの1-1,初めて来たのに自分と同じ靴跡がある,43.27
90,なんか嫌だったマリオの1-1,踏むと悲しい顔で見てくる,41.84
91,なんか嫌だったマリオの1-1,敵を踏むとベチャッという音がする,41.84
92,なんか嫌だったマリオの1-1,大きくなるキノコしか出てこない,41.84
93,なんか嫌だったマリオの1-1,アイテムが全部豆キノコ,41.84
94,なんか嫌だったマリオの1-1,ピカソが描いてる////暴力暴力〜♪♪ゴイゴイスー！！,41.84
95,なんか嫌だったマリオの1-1,マイカーブロスがドライブしてる,41.84
96,なんか嫌だったマリオの1-1,マリオの自宅から始まる。,41.84
97,なんか嫌だったマリオの1-1,縦に長い,41.84
98,なんか嫌だったマリオの1-1,土管がヌルヌルしている,40.42
99,なんか嫌だったマリオの1-1,最初のクリボーに、やる気が見られない,40.42
100,なんか嫌だったマリオの1-1,何も居ない,40.42
101,なんか嫌だったマリオの1-1,ﾃﾃｯﾃｯﾃﾃｯﾃ　ﾇﾝ♪,40.42
102,なんか嫌だったマリオの1-1,前にもクリアした気がする,40.42
103,なんか嫌だったマリオの1-1,咀嚼音がある,40.42
104,なんか嫌だったマリオの1-1,クリボーが信じられない可愛さ,40.42
105,なんか嫌だったマリオの1-1,マリオが生まれるところから始まる,40.42
106,なんか嫌だったマリオの1-1,ゴールしたときに踏んだヤツらの家族が何かを訴えている,40.42
107,なんか嫌だったマリオの1-1,1-2の最初ぐらい操作できない,39.0
108,なんか嫌だったマリオの1-1,トイレを我慢してる,39.0
109,なんか嫌だったマリオの1-1,倒されたクリボーの親族が集まってくる,39.0
110,なんか嫌だったマリオの1-1,踏むたびにマンマミーアと言ってくる,39.0
111,なんか嫌だったマリオの1-1,クリボーが我慢汁出してる,39.0
112,なんか嫌だったマリオの1-1,後ろにピーチ姫が居る,37.57
113,なんか嫌だったマリオの1-1,クリボーの授業参観があった,37.57
114,なんか嫌だったマリオの1-1,初手砂漠,36.15
115,なんか嫌だったマリオの1-1,マリオが余裕そうにステップ踏み出す,36.15
116,なんか嫌だったマリオの1-1,チュートリアル風に説明が入る,36.15
117,なんか嫌だったマリオの1-1,マグマ溜まりがある,34.73
118,なんか嫌だったマリオの1-1,クリボーが家族者を落とす,34.73
119,なんか嫌だったマリオの1-1,クリボー踏んだ時の音グロい,34.73
120,なんか嫌だったマリオの1-1,ステージ前にopが挟まる,31.88
0,家電と恋愛できる恋愛ゲーム,いいの？型落ちの私でも,77.53
1,家電と恋愛できる恋愛ゲーム,二股以上は火事になりやすい,75.95
2,家電と恋愛できる恋愛ゲーム,テーマソングが「トリセツ」,72.78
3,家電と恋愛できる恋愛ゲーム,アレクサ、本当の気持ちを教えて,69.6
4,家電と恋愛できる恋愛ゲーム,冷蔵庫「俺のここ、空いてるぞ」(ﾋﾟｰｯﾋﾟｰｯﾋﾟｰｯ),69.6
5,家電と恋愛できる恋愛ゲーム,伝説の日立の樹の下で告白,68.02
6,家電と恋愛できる恋愛ゲーム,保証記念日がある,64.84
7,家電と恋愛できる恋愛ゲーム,首振り扇風機と目が合う,64.84
8,家電と恋愛できる恋愛ゲーム,「充電」コマンドで日付が変わる,63.26
9,家電と恋愛できる恋愛ゲーム,停電イベントでは疎遠な家電が死ぬ,63.26
10,家電と恋愛できる恋愛ゲーム,リモコン君が突然いなくなるイベントがある,63.26
11,家電と恋愛できる恋愛ゲーム,ハーレムルートを目指すとブレーカーが落ちる,61.67
12,家電と恋愛できる恋愛ゲーム,触れた瞬間、電流が走る,61.67
13,家電と恋愛できる恋愛ゲーム,コンセント側を譲る,60.08
14,家電と恋愛できる恋愛ゲーム,恋かなと思ったら,60.08
15,家電と恋愛できる恋愛ゲーム,キスでブレーカー落ちる,58.5
16,家電と恋愛できる恋愛ゲーム,課金のタコ足配線がある,58.5
17,家電と恋愛できる恋愛ゲーム,あなたの洗濯で結末が変わる,58.5
18,家電と恋愛できる恋愛ゲーム,野菜室にモザイクかかる,56.91
19,家電と恋愛できる恋愛ゲーム,じゃあ、(電源)入れるね…,56.91
20,家電と恋愛できる恋愛ゲーム,「電気消して」ってそういう,56.91
21,家電と恋愛できる恋愛ゲーム,赤面か警告ランプか分からない,55.32
22,家電と恋愛できる恋愛ゲーム,その機能を使うには親密度が足りません,55.32
23,家電と恋愛できる恋愛ゲーム,ホテルに馴染みすぎる,55.32
24,家電と恋愛できる恋愛ゲーム,ぼっ…///（火花）,55.32
25,家電と恋愛できる恋愛ゲーム,掃除機にえぐいキスマークつけられる,55.32
26,家電と恋愛できる恋愛ゲーム,海水浴イベントで壊れる,53.74
27,家電と恋愛できる恋愛ゲーム,同棲END,53.74
28,家電と恋愛できる恋愛ゲーム,私以外でブレーカー落とさないでって言ったよね！？,53.74
29,家電と恋愛できる恋愛ゲーム,「もういいもん！」と発した扇風機が首振りをはじめる。,53.74
30,家電と恋愛できる恋愛ゲーム,着る服が無い日もある,53.74
31,家電と恋愛できる恋愛ゲーム,故障のフリしてる,53.74
32,家電と恋愛できる恋愛ゲーム,リサイクルショップで再会して泣く,53.74
33,家電と恋愛できる恋愛ゲーム,節電モードにするとイベントをスキップできる,53.74
34,家電と恋愛できる恋愛ゲーム,⚡️⚡️⚡️⚡️⚡️（好感度100%）,52.15
35,家電と恋愛できる恋愛ゲーム,ゴミを見る目をしてた掃除機が…,52.15
36,家電と恋愛できる恋愛ゲーム,洗濯機に入る一枚絵がある,52.15
37,家電と恋愛できる恋愛ゲーム,主題歌がLOVEマシーン,52.15
38,家電と恋愛できる恋愛ゲーム,店員のおすすめを聞く,52.15
39,家電と恋愛できる恋愛ゲーム,裸電球が一番エロい,52.15
40,家電と恋愛できる恋愛ゲーム,攻略対象を増やしすぎるとブレーカーが落ちてゲームオーバーになる,52.15
41,家電と恋愛できる恋愛ゲーム,アレクサ、攻略しておいて,50.56
42,家電と恋愛できる恋愛ゲーム,親友の土田が情報をくれる,50.56
43,家電と恋愛できる恋愛ゲーム,外の背景が無い,50.56
44,家電と恋愛できる恋愛ゲーム,あんたなんて知らない！チンッ,50.56
45,家電と恋愛できる恋愛ゲーム,それ、恋愛ゲージじゃなくて充電残量です,50.56
46,家電と恋愛できる恋愛ゲーム,早抱きと蒸らしプレイがある炊飯器が人気,50.56
47,家電と恋愛できる恋愛ゲーム,モバイルバッテリーを焦らしすぎてバッドエンドを迎える,50.56
48,家電と恋愛できる恋愛ゲーム,冷蔵庫が熱を出す,50.56
49,家電と恋愛できる恋愛ゲーム,恋愛ゲージの単位が%じゃなくてW(ワット),48.98
50,家電と恋愛できる恋愛ゲーム,ハーレムエンド以外の全ルートが生活に苦労するバッドエンド,48.98
51,家電と恋愛できる恋愛ゲーム,冷めても温めなおせる,48.98
52,家電と恋愛できる恋愛ゲーム,数日後、安く売られてる,47.39
53,家電と恋愛できる恋愛ゲーム,私たち、コンセントの相性いいかもね,47.39
54,家電と恋愛できる恋愛ゲーム,冷蔵庫との離別ENDで生活が詰む,47.39
55,家電と恋愛できる恋愛ゲーム,冷蔵庫が冷やかしに来る,45.8
56,家電と恋愛できる恋愛ゲーム,性別の確認から始まる,45.8
57,家電と恋愛できる恋愛ゲーム,揺れ動く、淡い洗濯機ーーー。,45.8
58,家電と恋愛できる恋愛ゲーム,勝手にオーブンが温まる,45.8
59,家電と恋愛できる恋愛ゲーム,炊飯器モブにしては可愛すぎないか！？,45.8
60,家電と恋愛できる恋愛ゲーム,テレビがキスシーンに嫉妬する,45.8
61,家電と恋愛できる恋愛ゲーム,コードを抜き差しして気持ちを確かめる,44.22
62,家電と恋愛できる恋愛ゲーム,右開きと左開きの双子の冷蔵庫がケンカする,44.22
63,家電と恋愛できる恋愛ゲーム,"好きです、付き合ってください
ヤカン「ポーーーッ！！！」",44.22
64,家電と恋愛できる恋愛ゲーム,冷蔵庫は意外と裏があたたかい,44.22
65,家電と恋愛できる恋愛ゲーム,チンするって言われて頬を赤らめる,42.63
66,家電と恋愛できる恋愛ゲーム,エアコンがリモコンに嫉妬する,42.63
67,家電と恋愛できる恋愛ゲーム,同棲から始まる,42.63
68,家電と恋愛できる恋愛ゲーム,エアコンとロミジュリする,42.63
69,家電と恋愛できる恋愛ゲーム,もうこんなに濡れちゃった…♥,41.05
70,家電と恋愛できる恋愛ゲーム,省エネになったのになんで気付いてくれないの!,41.05
71,家電と恋愛できる恋愛ゲーム,料理家電はケトルことができる,41.05
72,家電と恋愛できる恋愛ゲーム,役割が固定化されてく,41.05
73,家電と恋愛できる恋愛ゲーム,冷蔵庫はよく振られる,41.05
74,家電と恋愛できる恋愛ゲーム,冷蔵庫に告白したら返事が「ピーピーピー」だった,39.46
75,家電と恋愛できる恋愛ゲーム,キスは温めますか?//,39.46
76,家電と恋愛できる恋愛ゲーム,コース分岐がある,39.46
77,家電と恋愛できる恋愛ゲーム,ビーッ、ブオーンキュルキュル、ガチャコン！（わて、昭和の女やさかい）,39.46
78,家電と恋愛できる恋愛ゲーム,「私以外の家電ともセッチ(設置)してるくせに！」という修羅場がある,39.46
79,家電と恋愛できる恋愛ゲーム,シロウト物家電が人気,37.87
80,家電と恋愛できる恋愛ゲーム,現在は喋れる冷蔵庫の一強,37.87
81,家電と恋愛できる恋愛ゲーム,ゲーム機が嫉妬してヤンデレになる,37.87
82,家電と恋愛できる恋愛ゲーム,冷蔵庫との倦怠期がある,37.87
83,家電と恋愛できる恋愛ゲーム,電気代(好感度)が表示される,37.87
84,家電と恋愛できる恋愛ゲーム,洗濯機はたまにドライな時があるので、メンヘラキャラにされてる,36.29
85,家電と恋愛できる恋愛ゲーム,温度のステータスが上がり過ぎて冷凍庫にフラれる,36.29
86,家電と恋愛できる恋愛ゲーム,炊飯器とトースターのライバル関係が腐女子に人気,36.29
87,家電と恋愛できる恋愛ゲーム,冷蔵庫「夏は俺が閉じ込めてやるよ」,34.7
88,家電と恋愛できる恋愛ゲーム,量販店デートで新しい出会いが、、、,34.7
89,家電と恋愛できる恋愛ゲーム,家具の重量によって愛の重さが変わるシステム,34.7
90,家電と恋愛できる恋愛ゲーム,情報屋の土田晃之推しなのになんで攻略対象じゃないの......,33.11
91,家電と恋愛できる恋愛ゲーム,海外の家電は中身がない,31.53
0,全員が前半戦で体力を使い果たしたサッカーの試合,敵ボ！敵ボ！,75.37
1,全員が前半戦で体力を使い果たしたサッカーの試合,風で逆転した,73.86
2,全員が前半戦で体力を使い果たしたサッカーの試合,全てスルーパスになる,72.36
3,全員が前半戦で体力を使い果たしたサッカーの試合,ポカリ溶けるの見てる,69.34
4,全員が前半戦で体力を使い果たしたサッカーの試合,「全員止まって見える…」,69.34
5,全員が前半戦で体力を使い果たしたサッカーの試合,一緒のホテルじゃんの話になる,67.84
6,全員が前半戦で体力を使い果たしたサッカーの試合,風向きを祈る,67.84
7,全員が前半戦で体力を使い果たしたサッカーの試合,審判の影で休む,66.33
8,全員が前半戦で体力を使い果たしたサッカーの試合,一人多くても気づかない,64.82
9,全員が前半戦で体力を使い果たしたサッカーの試合,笛で起きる,63.32
10,全員が前半戦で体力を使い果たしたサッカーの試合,ボールを譲り合う時間がある,63.32
11,全員が前半戦で体力を使い果たしたサッカーの試合,痛がる演技が長い,63.32
12,全員が前半戦で体力を使い果たしたサッカーの試合,お前が蹴ればいいじゃん,61.81
13,全員が前半戦で体力を使い果たしたサッカーの試合,「頑張れ」の笛も鳴る,61.81
14,全員が前半戦で体力を使い果たしたサッカーの試合,虎が放たれた,61.81
15,全員が前半戦で体力を使い果たしたサッカーの試合,自己紹介を始める,60.3
16,全員が前半戦で体力を使い果たしたサッカーの試合,カメラが太陽を撮る,60.3
17,全員が前半戦で体力を使い果たしたサッカーの試合,実況が繋いでる,58.8
18,全員が前半戦で体力を使い果たしたサッカーの試合,「大きな溜め息がスタジアムを包みます！！」,58.8
19,全員が前半戦で体力を使い果たしたサッカーの試合,シュートが決まり、実況が「ゴル」と言った,58.8
20,全員が前半戦で体力を使い果たしたサッカーの試合,転がるPKになる,58.8
21,全員が前半戦で体力を使い果たしたサッカーの試合,それでもフェアプレーに徹する選手に、ご褒美のレッドカードが出された,57.29
22,全員が前半戦で体力を使い果たしたサッカーの試合,審判が全員抜く,57.29
23,全員が前半戦で体力を使い果たしたサッカーの試合,水飲みきった奴から帰る,57.29
24,全員が前半戦で体力を使い果たしたサッカーの試合,後半は実況頼り,57.29
25,全員が前半戦で体力を使い果たしたサッカーの試合,会釈してから抜く,55.78
26,全員が前半戦で体力を使い果たしたサッカーの試合,休みたくて痛がる,55.78
27,全員が前半戦で体力を使い果たしたサッカーの試合,キーパーを取り合う,55.78
28,全員が前半戦で体力を使い果たしたサッカーの試合,審判が「休む？」って聞いてくる,55.78
29,全員が前半戦で体力を使い果たしたサッカーの試合,レッドカード出されてるやつが羨ましい,55.78
30,全員が前半戦で体力を使い果たしたサッカーの試合,後半のアディショナルタイムが0分だった,55.78
31,全員が前半戦で体力を使い果たしたサッカーの試合,まだ眺めてる,54.28
32,全員が前半戦で体力を使い果たしたサッカーの試合,なんでベンチも疲れてんだよ,54.28
33,全員が前半戦で体力を使い果たしたサッカーの試合,サポーターがバラードを歌い出した,54.28
34,全員が前半戦で体力を使い果たしたサッカーの試合,ボールが完全に静止している時間がある,54.28
35,全員が前半戦で体力を使い果たしたサッカーの試合,全員が痛がってる,54.28
36,全員が前半戦で体力を使い果たしたサッカーの試合,ロナウジーニョスーパープレイ集で繋ぐ,54.28
37,全員が前半戦で体力を使い果たしたサッカーの試合,笛で全員振り向く,54.28
38,全員が前半戦で体力を使い果たしたサッカーの試合,残りをピクニックにした,52.77
39,全員が前半戦で体力を使い果たしたサッカーの試合,キーパーを取り合ってる,52.77
40,全員が前半戦で体力を使い果たしたサッカーの試合,後半視聴者がリモコンで動かす,52.77
41,全員が前半戦で体力を使い果たしたサッカーの試合,靴が左右で違う,52.77
42,全員が前半戦で体力を使い果たしたサッカーの試合,平面のパチンコみたいになってる,51.26
43,全員が前半戦で体力を使い果たしたサッカーの試合,寝ながら応援してる,51.26
44,全員が前半戦で体力を使い果たしたサッカーの試合,わざと退場する,51.26
45,全員が前半戦で体力を使い果たしたサッカーの試合,試合中にユニフォーム交換する,51.26
46,全員が前半戦で体力を使い果たしたサッカーの試合,実況が弁当食い始めた,51.26
47,全員が前半戦で体力を使い果たしたサッカーの試合,選手が列ごとに棒で繋がれている,49.76
48,全員が前半戦で体力を使い果たしたサッカーの試合,後半はもういいです,49.76
49,全員が前半戦で体力を使い果たしたサッカーの試合,審判がTiredカードを出した,49.76
50,全員が前半戦で体力を使い果たしたサッカーの試合,DEADカードが出る,49.76
51,全員が前半戦で体力を使い果たしたサッカーの試合,「あーこれはカードをもらいに行ってますね」「あーこれはカードをもらいに行ってますね」「あーこれはカードをもらいに行ってますね」,48.25
52,全員が前半戦で体力を使い果たしたサッカーの試合,後半開始…！ﾋｭﾛﾛﾛﾛﾛﾛ…,48.25
53,全員が前半戦で体力を使い果たしたサッカーの試合,監督も倒れてる,48.25
54,全員が前半戦で体力を使い果たしたサッカーの試合,ハーフハーフハーフタイム,48.25
55,全員が前半戦で体力を使い果たしたサッカーの試合,肩車してる時間もあった,46.74
56,全員が前半戦で体力を使い果たしたサッカーの試合,世間体パス回し,46.74
57,全員が前半戦で体力を使い果たしたサッカーの試合,スコアレス疲労,46.74
58,全員が前半戦で体力を使い果たしたサッカーの試合,正月の実家みたいになる,46.74
59,全員が前半戦で体力を使い果たしたサッカーの試合,「「「「「「クソッ…動けよ俺の脚！」」」」」」,46.74
60,全員が前半戦で体力を使い果たしたサッカーの試合,両チームの提案でもう一度国歌斉唱することにした,46.74
61,全員が前半戦で体力を使い果たしたサッカーの試合,塩分チャージを節約している,46.74
62,全員が前半戦で体力を使い果たしたサッカーの試合,ついでにポケモンGOの卵を孵化させようとした。,46.74
63,全員が前半戦で体力を使い果たしたサッカーの試合,飲み物のCM,45.24
64,全員が前半戦で体力を使い果たしたサッカーの試合,審判も息が切れすぎて後半開始の笛が鳴らせない,45.24
65,全員が前半戦で体力を使い果たしたサッカーの試合,早く退場させてくれ,45.24
66,全員が前半戦で体力を使い果たしたサッカーの試合,審判が自分を退場させた,45.24
67,全員が前半戦で体力を使い果たしたサッカーの試合,後半にハーフ&ハーフタイムが存在する,43.73
68,全員が前半戦で体力を使い果たしたサッカーの試合,点滴しながら後半を待つ,43.73
69,全員が前半戦で体力を使い果たしたサッカーの試合,後半戦はウイイレで決める,43.73
70,全員が前半戦で体力を使い果たしたサッカーの試合,全員ユニフォーム交換して後半に挑む,43.73
71,全員が前半戦で体力を使い果たしたサッカーの試合,ファールで痛がる演技を全員でミュージカル風にした,42.22
72,全員が前半戦で体力を使い果たしたサッカーの試合,ボールがメディシンボール,42.22
73,全員が前半戦で体力を使い果たしたサッカーの試合,前半にワンちゃんが乱入して一緒に遊んじゃった,42.22
74,全員が前半戦で体力を使い果たしたサッカーの試合,実況がタバコ吸い出した,42.22
75,全員が前半戦で体力を使い果たしたサッカーの試合,1分ごとに選手交代する,40.72
76,全員が前半戦で体力を使い果たしたサッカーの試合,キーパー動きすぎ,40.72
77,全員が前半戦で体力を使い果たしたサッカーの試合,乾杯する（完敗）,40.72
78,全員が前半戦で体力を使い果たしたサッカーの試合,全員座れ,40.72
79,全員が前半戦で体力を使い果たしたサッカーの試合,後半からの解説のいびきがうるさい,40.72
80,全員が前半戦で体力を使い果たしたサッカーの試合,試合中にちょっとずつゴールずらして距離長くしてみた,40.72
81,全員が前半戦で体力を使い果たしたサッカーの試合,フィールドに敷いたビニールシートを審判が剥がして後半が始まる,40.72
82,全員が前半戦で体力を使い果たしたサッカーの試合,松木安太郎のサッカートークで45分繋いだ,40.72
83,全員が前半戦で体力を使い果たしたサッカーの試合,実況もなんか寝てる,39.21
84,全員が前半戦で体力を使い果たしたサッカーの試合,ゴール前で10人ガード、残りのキーパーがフォワード,39.21
85,全員が前半戦で体力を使い果たしたサッカーの試合,バトルロイヤル形式,39.21
86,全員が前半戦で体力を使い果たしたサッカーの試合,心配より恫喝をしてる危ない親がいる,39.21
87,全員が前半戦で体力を使い果たしたサッカーの試合,生き残りを冷笑する,39.21
88,全員が前半戦で体力を使い果たしたサッカーの試合,多分監督のせい,37.7
89,全員が前半戦で体力を使い果たしたサッカーの試合,客席の可愛い子がじつはおっさんだった,37.7
90,全員が前半戦で体力を使い果たしたサッカーの試合,後半戦がキーパー同士の戦いに,37.7
91,全員が前半戦で体力を使い果たしたサッカーの試合,芝生がデカすぎる,37.7
92,全員が前半戦で体力を使い果たしたサッカーの試合,全員ゲロまみれ,37.7
93,全員が前半戦で体力を使い果たしたサッカーの試合,休みたい審判がレッドカードを出しまくった,36.2
94,全員が前半戦で体力を使い果たしたサッカーの試合,ボールがスイカに見えて、争奪戦キックオフ,36.2
95,全員が前半戦で体力を使い果たしたサッカーの試合,審判を取り込む,36.2
96,全員が前半戦で体力を使い果たしたサッカーの試合,観客席がだいぶ悲惨なことになってる,36.2
97,全員が前半戦で体力を使い果たしたサッカーの試合,よし、イナイレで済まそう,34.69
98,全員が前半戦で体力を使い果たしたサッカーの試合,サポートが国歌の声量で競う,34.69
99,全員が前半戦で体力を使い果たしたサッカーの試合,後半が始まる前に全員帰り支度を始める,33.18
100,全員が前半戦で体力を使い果たしたサッカーの試合,審判が前半戦終わりの笛が吹けなかったので全員自主的にベンチに戻る,31.68
0,24時間クッキングでありがちなこと,最後はみんなで「サラアライ」,79.37
1,24時間クッキングでありがちなこと,合間に3分クッキングが入る,72.64
2,24時間クッキングでありがちなこと,それでもできない料理がある,72.64
3,24時間クッキングでありがちなこと,あらかじめとかない,72.64
4,24時間クッキングでありがちなこと,完成した料理に紙吹雪が入りまくる,70.95
5,24時間クッキングでありがちなこと,忘れてたものがこちらになります,69.27
6,24時間クッキングでありがちなこと,テーマソング「サラアライ」,69.27
7,24時間クッキングでありがちなこと,無言でスマホの時間がある,69.27
8,24時間クッキングでありがちなこと,トークで稼ぐ,69.27
9,24時間クッキングでありがちなこと,新人女子アナが最後に材料を読み上げる時間がある,67.59
10,24時間クッキングでありがちなこと,ラストは今日のおサライで締め括る,64.22
11,24時間クッキングでありがちなこと,間寛平が仕上げのパセリを持って100km先のキッチンを目指す,64.22
12,24時間クッキングでありがちなこと,食べるだけの人も最初からいる,64.22
13,24時間クッキングでありがちなこと,労働基準法を回避するために煮る時間を「休憩」と言う,64.22
14,24時間クッキングでありがちなこと,見たことないタイマーを使ってる,64.22
15,24時間クッキングでありがちなこと,EDが「サラアライ」,62.53
16,24時間クッキングでありがちなこと,何入れたか忘れる,62.53
17,24時間クッキングでありがちなこと,全て弱火,62.53
18,24時間クッキングでありがちなこと,27時間クッキングの方が面白い,62.53
19,24時間クッキングでありがちなこと,どこまで弱火にできるかやる,60.85
20,24時間クッキングでありがちなこと,仕留めるシーンが長い,60.85
21,24時間クッキングでありがちなこと,こちらが作れるはずだったものです,60.85
22,24時間クッキングでありがちなこと,角煮で時間稼ぐ,59.16
23,24時間クッキングでありがちなこと,エンドロールで出演食材の名前が流れる,59.16
24,24時間クッキングでありがちなこと,深夜にエロい大根を調理する,59.16
25,24時間クッキングでありがちなこと,料理酒飲んでる,59.16
26,24時間クッキングでありがちなこと,常温に戻す時間がある,57.48
27,24時間クッキングでありがちなこと,仕込んだまま忘れられる料理もある,57.48
28,24時間クッキングでありがちなこと,玉ねぎで多めに泣く,57.48
29,24時間クッキングでありがちなこと,ここでお塩を28粒,57.48
30,24時間クッキングでありがちなこと,サライを歌いながら皿洗い,55.8
31,24時間クッキングでありがちなこと,全員で発酵を見守る,54.11
32,24時間クッキングでありがちなこと,熱くて目覚ます,54.11
33,24時間クッキングでありがちなこと,明け方のキューピーの目が死んでいる,54.11
34,24時間クッキングでありがちなこと,眠眠打破を大さじ100,52.43
35,24時間クッキングでありがちなこと,調味料紹介でCMまたぐ,52.43
36,24時間クッキングでありがちなこと,どこからが「2日目のカレー」かで揉める,52.43
37,24時間クッキングでありがちなこと,これでもまだキューピーの一社提供なの凄すぎる,52.43
38,24時間クッキングでありがちなこと,普通に別で朝昼晩作って食べる,52.43
39,24時間クッキングでありがちなこと,煮込み中はVTR流す,52.43
40,24時間クッキングでありがちなこと,３回お米を炊いた,52.43
41,24時間クッキングでありがちなこと,徳光、泣きながら小麦粉を練る,52.43
42,24時間クッキングでありがちなこと,途中寝たくせに終盤時間足りなくて焦る,50.74
43,24時間クッキングでありがちなこと,余裕あると思って皿から作り始めたら全然間に合わなかった,50.74
44,24時間クッキングでありがちなこと,ここで5時間寝込みます,50.74
45,24時間クッキングでありがちなこと,ハンバーグのタネを寝かせている間「ここからはトークでつなぎます」と言っていてやかましい,50.74
46,24時間クッキングでありがちなこと,23時間煮込む,50.74
47,24時間クッキングでありがちなこと,生地と私を3時間寝かせてください,50.74
48,24時間クッキングでありがちなこと,適量を見失う,50.74
49,24時間クッキングでありがちなこと,無言が気持ちいい時間がある,50.74
50,24時間クッキングでありがちなこと,Uberでなんか食べる,50.74
51,24時間クッキングでありがちなこと,途中でお店回してる,50.74
52,24時間クッキングでありがちなこと,食材費が募金で落ちる,49.06
53,24時間クッキングでありがちなこと,エプロン投げて終わる,49.06
54,24時間クッキングでありがちなこと,ここで一旦寝かせます。私を。,47.38
55,24時間クッキングでありがちなこと,深夜帯のコーナーは芸人が脱線しすぎて料理が完成しなかった。,47.38
56,24時間クッキングでありがちなこと,今、受粉しました,47.38
57,24時間クッキングでありがちなこと,隣で同じもの作るおっさんがいる,47.38
58,24時間クッキングでありがちなこと,一晩寝かせる工程がカットなし,47.38
59,24時間クッキングでありがちなこと,チャリティーエプロンとチャリティー調理器具,47.38
60,24時間クッキングでありがちなこと,キャベツの10万切り,47.38
61,24時間クッキングでありがちなこと,ついでに助手も寝かせてくる,47.38
62,24時間クッキングでありがちなこと,テーマソング「サラミ」,47.38
63,24時間クッキングでありがちなこと,煮込んでる間に募金の告知をする,47.38
64,24時間クッキングでありがちなこと,平野レミがしゃべりすぎて料理を完成できない,45.69
65,24時間クッキングでありがちなこと,生地と添い寝する,45.69
66,24時間クッキングでありがちなこと,絶対にレミが出てくる,45.69
67,24時間クッキングでありがちなこと,だんだん毛が濃くなってくる,45.69
68,24時間クッキングでありがちなこと,収穫から始まる,45.69
69,24時間クッキングでありがちなこと,ここで昨日のご飯を加えます,45.69
70,24時間クッキングでありがちなこと,「負けないで」で泣きながら煽る,45.69
71,24時間クッキングでありがちなこと,もう一つの地球を作る,45.69
72,24時間クッキングでありがちなこと,楽しんでやってるのが凄い,45.69
73,24時間クッキングでありがちなこと,こちらが冷蔵庫で1日寝かせた先生です,45.69
74,24時間クッキングでありがちなこと,練るところから始まる,44.01
75,24時間クッキングでありがちなこと,徐々に黒くなる,44.01
76,24時間クッキングでありがちなこと,サライ流しながら食べる,44.01
77,24時間クッキングでありがちなこと,最後に裏で玉ねぎを切る,44.01
78,24時間クッキングでありがちなこと,実際は27時間,44.01
79,24時間クッキングでありがちなこと,満漢全席を作る,44.01
80,24時間クッキングでありがちなこと,3年ほど熟成させたものがこちらです,44.01
81,24時間クッキングでありがちなこと,まず、漁に出ます,42.32
82,24時間クッキングでありがちなこと,夏ならではの常温熟成チキンレース,42.32
83,24時間クッキングでありがちなこと,初手で作って一日寝かせたカレーが一番うまい,42.32
84,24時間クッキングでありがちなこと,本当に一晩寝かせる,42.32
85,24時間クッキングでありがちなこと,料理の工程でギネス記録を取るので完成品を誰も真似できない,42.32
86,24時間クッキングでありがちなこと,カレーと一緒に寝る,42.32
87,24時間クッキングでありがちなこと,BGMで足掻く,42.32
88,24時間クッキングでありがちなこと,労働基準法でキューピー人形が夜8時以降出てこない,42.32
89,24時間クッキングでありがちなこと,ずっと玉ねぎを切っている,42.32
90,24時間クッキングでありがちなこと,序盤、寝かせる料理しか作らない,42.32
91,24時間クッキングでありがちなこと,視聴者が消防車呼ぶ,42.32
92,24時間クッキングでありがちなこと,完走した人に全部食べさす,40.64
93,24時間クッキングでありがちなこと,作っておいたものがこちらになります『満漢全席』,40.64
94,24時間クッキングでありがちなこと,出来た頃には腐ってる,40.64
95,24時間クッキングでありがちなこと,料理と一緒に寝る時間がある,40.64
96,24時間クッキングでありがちなこと,フィナーレで感動する,40.64
97,24時間クッキングでありがちなこと,募金で食材を購入する,40.64
98,24時間クッキングでありがちなこと,自分たちも一晩寝かせる,40.64
99,24時間クッキングでありがちなこと,それではお野菜と添い寝します,38.95
100,24時間クッキングでありがちなこと,３食カレーで済ます,38.95
101,24時間クッキングでありがちなこと,今日も一晩寝かせたカレーです,38.95
102,24時間クッキングでありがちなこと,とりあえず寝かせる,38.95
103,24時間クッキングでありがちなこと,本当に1晩寝かせる,38.95
104,24時間クッキングでありがちなこと,豚骨を煮込むパートをノーカットで,38.95
105,24時間クッキングでありがちなこと,やがて愛が育まれていく,38.95
106,24時間クッキングでありがちなこと,コストコで買い出しをする,38.95
107,24時間クッキングでありがちなこと,終盤眠すぎて全ての工程を間違える,38.95
108,24時間クッキングでありがちなこと,本当に一晩寝かせる,38.95
109,24時間クッキングでありがちなこと,なんか最後の方透明な汁とか出てくる,37.27
110,24時間クッキングでありがちなこと,完成系が粉々,37.27
111,24時間クッキングでありがちなこと,では今から寝かせます　おやすみなさ〜い,37.27
112,24時間クッキングでありがちなこと,発酵タイムで時間稼いでる,37.27
113,24時間クッキングでありがちなこと,無の時間がある,37.27
114,24時間クッキングでありがちなこと,出来上がったものを食べてから始める,37.27
115,24時間クッキングでありがちなこと,泣きながら仕上げのパセリを乗せる,35.59
116,24時間クッキングでありがちなこと,茹で料理の回なのに無駄に焼きと蒸しを挟む,35.59
0,1年達成してないTo doリストの項目、一体何？,お父さんと呼ぶ,86.36
1,1年達成してないTo doリストの項目、一体何？,USBを正しい向きで一発で差し込む,74.83
2,1年達成してないTo doリストの項目、一体何？,そこまで仲がいいわけでもない知り合いにおすすめされたアーティストの曲を聴く,74.83
3,1年達成してないTo doリストの項目、一体何？,シャンプーとコンディショナーを同時に使い切る,72.9
4,1年達成してないTo doリストの項目、一体何？,子分を作る,65.22
5,1年達成してないTo doリストの項目、一体何？,うまく笑えるようになる,63.3
6,1年達成してないTo doリストの項目、一体何？,全部のエロい事を知る,61.37
7,1年達成してないTo doリストの項目、一体何？,プチプチ　全部潰す,61.37
8,1年達成してないTo doリストの項目、一体何？,今年のカレンダー買う,61.37
9,1年達成してないTo doリストの項目、一体何？,基礎から始める,59.45
10,1年達成してないTo doリストの項目、一体何？,腹筋を7つに割る,59.45
11,1年達成してないTo doリストの項目、一体何？,台風中継に映る,59.45
12,1年達成してないTo doリストの項目、一体何？,明日から本気出す,59.45
13,1年達成してないTo doリストの項目、一体何？,恩を仇で返す,59.45
14,1年達成してないTo doリストの項目、一体何？,木曜　生ごみの日,59.45
15,1年達成してないTo doリストの項目、一体何？,ぽかぽかの観覧,57.53
16,1年達成してないTo doリストの項目、一体何？,古いリモコン捨てる,57.53
17,1年達成してないTo doリストの項目、一体何？,「愛してる」と伝える,57.53
18,1年達成してないTo doリストの項目、一体何？,和式の方で済ます,57.53
19,1年達成してないTo doリストの項目、一体何？,定時で帰る,57.53
20,1年達成してないTo doリストの項目、一体何？,ふるさと納税調べる,57.53
21,1年達成してないTo doリストの項目、一体何？,逆と伝える,57.53
22,1年達成してないTo doリストの項目、一体何？,行けたら行く,57.53
23,1年達成してないTo doリストの項目、一体何？,歯でダムを作る,57.53
24,1年達成してないTo doリストの項目、一体何？,今日こそは,57.53
25,1年達成してないTo doリストの項目、一体何？,こんな会社辞めてやる,55.61
26,1年達成してないTo doリストの項目、一体何？,"""禁煙　まずは1日！""",55.61
27,1年達成してないTo doリストの項目、一体何？,行けたら行く,55.61
28,1年達成してないTo doリストの項目、一体何？,観葉植物を枯らす,55.61
29,1年達成してないTo doリストの項目、一体何？,じっとする,53.69
30,1年達成してないTo doリストの項目、一体何？,ラスクを何もつけずに食べる,53.69
31,1年達成してないTo doリストの項目、一体何？,阪神優勝,53.69
32,1年達成してないTo doリストの項目、一体何？,3日以上続ける,53.69
33,1年達成してないTo doリストの項目、一体何？,ぼる塾で笑う,53.69
34,1年達成してないTo doリストの項目、一体何？,つぶあん派になる,51.76
35,1年達成してないTo doリストの項目、一体何？,完璧な睡眠,51.76
36,1年達成してないTo doリストの項目、一体何？,童貞を再取得,49.84
37,1年達成してないTo doリストの項目、一体何？,丸亀製麺に弟子入りする,49.84
38,1年達成してないTo doリストの項目、一体何？,スポッチャで友達を作る,49.84
39,1年達成してないTo doリストの項目、一体何？,皆と仲良くなる,49.84
40,1年達成してないTo doリストの項目、一体何？,明日はやる,49.84
41,1年達成してないTo doリストの項目、一体何？,To doリスト完成,49.84
42,1年達成してないTo doリストの項目、一体何？,着席の号令,47.92
43,1年達成してないTo doリストの項目、一体何？,右乳首を左乳首へ,47.92
44,1年達成してないTo doリストの項目、一体何？,ポッターハリーを見る,47.92
45,1年達成してないTo doリストの項目、一体何？,ワンピースの考察で尾田先生に認められる,47.92
46,1年達成してないTo doリストの項目、一体何？,To doリストを作る！,47.92
47,1年達成してないTo doリストの項目、一体何？,温泉を掘り当てる,47.92
48,1年達成してないTo doリストの項目、一体何？,来年は頑張る,47.92
49,1年達成してないTo doリストの項目、一体何？,来年の今日、この場所で,47.92
50,1年達成してないTo doリストの項目、一体何？,年を取らない,47.92
51,1年達成してないTo doリストの項目、一体何？,手加減を褒められる,47.92
52,1年達成してないTo doリストの項目、一体何？,19時に寝る,46.0
53,1年達成してないTo doリストの項目、一体何？,蒸して剥く,46.0
54,1年達成してないTo doリストの項目、一体何？,朝起きて読書する,46.0
55,1年達成してないTo doリストの項目、一体何？,元旦に逃した初詣に行く,46.0
56,1年達成してないTo doリストの項目、一体何？,星を食べる,46.0
57,1年達成してないTo doリストの項目、一体何？,オカンを旅行に連れて行く,46.0
58,1年達成してないTo doリストの項目、一体何？,ボタン電池を買う,46.0
59,1年達成してないTo doリストの項目、一体何？,Todoリスト、そろそろ新しい様式を作る,44.08
60,1年達成してないTo doリストの項目、一体何？,カニクリームコロッケのカニ抜きを注文する,44.08
61,1年達成してないTo doリストの項目、一体何？,家から出る,44.08
62,1年達成してないTo doリストの項目、一体何？,明日から本気出す,44.08
63,1年達成してないTo doリストの項目、一体何？,世界征服（手始めに群馬から）,42.15
64,1年達成してないTo doリストの項目、一体何？,家の鍵をしめる,42.15
65,1年達成してないTo doリストの項目、一体何？,余った米を冷凍して炊飯器を洗う,42.15
66,1年達成してないTo doリストの項目、一体何？,ツバメの巣の撤去,42.15
67,1年達成してないTo doリストの項目、一体何？,野菜で後悔する,42.15
68,1年達成してないTo doリストの項目、一体何？,電気を中継する,42.15
69,1年達成してないTo doリストの項目、一体何？,風呂に入る,42.15
70,1年達成してないTo doリストの項目、一体何？,完全制覇,42.15
71,1年達成してないTo doリストの項目、一体何？,石破茂「国民に謝る」,40.23
72,1年達成してないTo doリストの項目、一体何？,日常的にリストをチェックして！,40.23
73,1年達成してないTo doリストの項目、一体何？,謝罪,40.23
74,1年達成してないTo doリストの項目、一体何？,DT卒業,40.23
75,1年達成してないTo doリストの項目、一体何？,誕生日を祝う,40.23
76,1年達成してないTo doリストの項目、一体何？,ゼルダ姫を助けに行く,40.23
77,1年達成してないTo doリストの項目、一体何？,◻︎レビューを書く,40.23
78,1年達成してないTo doリストの項目、一体何？,シャンプー買い足し,40.23
79,1年達成してないTo doリストの項目、一体何？,あの子のスカートの中,38.31
80,1年達成してないTo doリストの項目、一体何？,爪切る,38.31
81,1年達成してないTo doリストの項目、一体何？,完殺,38.31
82,1年達成してないTo doリストの項目、一体何？,シャンプー使い切る,36.39
83,1年達成してないTo doリストの項目、一体何？,減税する　石破茂,36.39
84,1年達成してないTo doリストの項目、一体何？,指名手配犯を1人捕まえる,32.55
85,1年達成してないTo doリストの項目、一体何？,減税,32.55
86,1年達成してないTo doリストの項目、一体何？,オリンピック出場,32.55
87,1年達成してないTo doリストの項目、一体何？,志望校合格,30.62
0,あの人私より頭良さそう。どうして？,質問を褒めてる,83.49
1,あの人私より頭良さそう。どうして？,そうでメンサねぇ,81.66
2,あの人私より頭良さそう。どうして？,涼しい位置を知ってる,67.06
3,あの人私より頭良さそう。どうして？,あえて訂正しない,67.06
4,あの人私より頭良さそう。どうして？,変な絵の前で立ち止まる,67.06
5,あの人私より頭良さそう。どうして？,全部は食べなかった,67.06
6,あの人私より頭良さそう。どうして？,ボールペンで試験に挑んでる,65.23
7,あの人私より頭良さそう。どうして？,会計497円で502円だしてる,63.41
8,あの人私より頭良さそう。どうして？,３の段がマジではやい,63.41
9,あの人私より頭良さそう。どうして？,噛んで牛乳飲んでる,63.41
10,あの人私より頭良さそう。どうして？,高い水飲んでる,61.58
11,あの人私より頭良さそう。どうして？,本で顔拭いてる,61.58
12,あの人私より頭良さそう。どうして？,羽根ペンで書いてる,61.58
13,あの人私より頭良さそう。どうして？,お釣りが5円になった,61.58
14,あの人私より頭良さそう。どうして？,椅子に深く座る,59.76
15,あの人私より頭良さそう。どうして？,疲れたら座る,59.76
16,あの人私より頭良さそう。どうして？,計算に指を使わない,59.76
17,あの人私より頭良さそう。どうして？,カラスが懐いてる,59.76
18,あの人私より頭良さそう。どうして？,好きな物を聞かれて「今」と答える,57.93
19,あの人私より頭良さそう。どうして？,閃いたときにいい電球が出る,56.11
20,あの人私より頭良さそう。どうして？,白を着こなしている,56.11
21,あの人私より頭良さそう。どうして？,コンビニ店員に箸の数聞かれたとき「一膳で」と答えた,56.11
22,あの人私より頭良さそう。どうして？,赤ちゃんにも敬語使ってる,56.11
23,あの人私より頭良さそう。どうして？,服の色が少ない,54.28
24,あの人私より頭良さそう。どうして？,サイレンに反応しない,54.28
25,あの人私より頭良さそう。どうして？,説明書を先に捨てた,54.28
26,あの人私より頭良さそう。どうして？,私よりかけているメガネの数が多い,54.28
27,あの人私より頭良さそう。どうして？,ルービックキューブ持ってる,54.28
28,あの人私より頭良さそう。どうして？,メガネ二つかけてる,54.28
29,あの人私より頭良さそう。どうして？,MBTI診断で「SDGs」と出た,54.28
30,あの人私より頭良さそう。どうして？,接続詞を強調する,54.28
31,あの人私より頭良さそう。どうして？,鼻くそをゴミ箱に捨てる,54.28
32,あの人私より頭良さそう。どうして？,脳みそがあふれている,54.28
33,あの人私より頭良さそう。どうして？,全部聞いてから話す,52.46
34,あの人私より頭良さそう。どうして？,晴れてるのに傘持ってる,52.46
35,あの人私より頭良さそう。どうして？,メガネが細い,52.46
36,あの人私より頭良さそう。どうして？,もう瞬足履いてない,52.46
37,あの人私より頭良さそう。どうして？,湿度をいかした髪型してる,52.46
38,あの人私より頭良さそう。どうして？,横断歩道の白くないところも躊躇なく歩く,50.63
39,あの人私より頭良さそう。どうして？,「なるほど」の回数が多い,50.63
40,あの人私より頭良さそう。どうして？,腕に「ものしり」のタトゥーが彫ってあった,50.63
41,あの人私より頭良さそう。どうして？,フードコートで騒がない,50.63
42,あの人私より頭良さそう。どうして？,私のよりさらにデッカイパソコン持ち歩いてるから！,50.63
43,あの人私より頭良さそう。どうして？,TOEIC942点,50.63
44,あの人私より頭良さそう。どうして？,私より名前の画数が多い,48.8
45,あの人私より頭良さそう。どうして？,無人島にえんぴつ持ってきた,48.8
46,あの人私より頭良さそう。どうして？,粉チーズの適量を理解しているかけ方だった,48.8
47,あの人私より頭良さそう。どうして？,地形の起伏を気にしている,48.8
48,あの人私より頭良さそう。どうして？,あの人だけ引き止められてる,48.8
49,あの人私より頭良さそう。どうして？,歩く時に、右手と右足が同時に出ない,48.8
50,あの人私より頭良さそう。どうして？,メニューを見て深く頷いた,46.98
51,あの人私より頭良さそう。どうして？,寄り目でノート書く,46.98
52,あの人私より頭良さそう。どうして？,俺のギャグに笑わない,46.98
53,あの人私より頭良さそう。どうして？,眼鏡を2つ掛けてる,46.98
54,あの人私より頭良さそう。どうして？,低い声で復唱した,46.98
55,あの人私より頭良さそう。どうして？,メガネが○□,45.15
56,あの人私より頭良さそう。どうして？,東京に住んでる,45.15
57,あの人私より頭良さそう。どうして？,カイトをフォローしてるから,45.15
58,あの人私より頭良さそう。どうして？,上も下も服着てる,45.15
59,あの人私より頭良さそう。どうして？,箸でパスタ食べてる,45.15
60,あの人私より頭良さそう。どうして？,もう攻略してる,45.15
61,あの人私より頭良さそう。どうして？,犬にも挨拶してる,43.33
62,あの人私より頭良さそう。どうして？,東大前に住んでいる,43.33
63,あの人私より頭良さそう。どうして？,中卒やのに仕事貰ってはる,43.33
64,あの人私より頭良さそう。どうして？,2人で通ったあの道を覚えてる,43.33
65,あの人私より頭良さそう。どうして？,貸した本に利子までつけて返してくれる,43.33
66,あの人私より頭良さそう。どうして？,フリーズ回数が多い,43.33
67,あの人私より頭良さそう。どうして？,鍵を無くさない,43.33
68,あの人私より頭良さそう。どうして？,今日習ったの懐かしがってる,43.33
69,あの人私より頭良さそう。どうして？,主食が広辞苑,43.33
70,あの人私より頭良さそう。どうして？,ずっとグミ食べてる,43.33
71,あの人私より頭良さそう。どうして？,メガネが◯と□,41.5
72,あの人私より頭良さそう。どうして？,だって投票したことあるってゆってた,41.5
73,あの人私より頭良さそう。どうして？,全部早口,41.5
74,あの人私より頭良さそう。どうして？,人格の数だけ手当てもらってる,41.5
75,あの人私より頭良さそう。どうして？,ちゃんと独り立ちしてる,41.5
76,あの人私より頭良さそう。どうして？,3Dメガネかけて勉強してる,41.5
77,あの人私より頭良さそう。どうして？,鳩の軍団を束ねていた,41.5
78,あの人私より頭良さそう。どうして？,蚊をペットにしている,39.68
79,あの人私より頭良さそう。どうして？,宝くじを買わない,39.68
80,あの人私より頭良さそう。どうして？,不良がいるとスキップやめる,39.68
81,あの人私より頭良さそう。どうして？,ことわざをもじる,37.85
82,あの人私より頭良さそう。どうして？,外で服を着てる,37.85
83,あの人私より頭良さそう。どうして？,歩道側を歩く,37.85
84,あの人私より頭良さそう。どうして？,ペン持つ時小指立てる,37.85
85,あの人私より頭良さそう。どうして？,めがねかけてる！！,36.03
86,あの人私より頭良さそう。どうして？,東を向いている,36.03
87,あの人私より頭良さそう。どうして？,メガネ取ったら目が３,36.03
88,あの人私より頭良さそう。どうして？,ビジュが良い,36.03
89,あの人私より頭良さそう。どうして？,そうです、私が最下層住民です,36.03
90,あの人私より頭良さそう。どうして？,二足で歩いてる,32.38
91,あの人私より頭良さそう。どうして？,小学生の時から両手利きの練習してる,28.72
0,親の前でそんなことするな,生活にひびくスパチャ,84.64
1,親の前でそんなことするな,なりたい名字を叫ぶ,68.47
2,親の前でそんなことするな,骨が見える怪我,68.47
3,親の前でそんなことするな,いない写真を渡す,66.16
4,親の前でそんなことするな,過ごし方を変える,66.16
5,親の前でそんなことするな,劣性遺伝の話,66.16
6,親の前でそんなことするな,お手伝いのフェイント,66.16
7,親の前でそんなことするな,残り湯で炊く,66.16
8,親の前でそんなことするな,鏡にキスをする,66.16
9,親の前でそんなことするな,限度額を試す,63.85
10,親の前でそんなことするな,女のパートも歌う,63.85
11,親の前でそんなことするな,老いを感じる,59.23
12,親の前でそんなことするな,Wikipediaの荒らし,59.23
13,親の前でそんなことするな,お惣菜を褒める,59.23
14,親の前でそんなことするな,上司の靴を舐める,59.23
15,親の前でそんなことするな,声だけで惚れる,59.23
16,親の前でそんなことするな,自分の乳首を吸う,56.92
17,親の前でそんなことするな,すごい火の中華,56.92
18,親の前でそんなことするな,脚やせするM字開脚,54.61
19,親の前でそんなことするな,段差を増やす,54.61
20,親の前でそんなことするな,インターネットの会話,54.61
21,親の前でそんなことするな,なぜ結婚できないかのプレゼン,52.3
22,親の前でそんなことするな,遅くしゃべる,52.3
23,親の前でそんなことするな,オレオを分解する,52.3
24,親の前でそんなことするな,名前を逆から言う,52.3
25,親の前でそんなことするな,「親不孝」の書き初め,52.3
26,親の前でそんなことするな,できない口笛,52.3
27,親の前でそんなことするな,字画占い,52.3
28,親の前でそんなことするな,大学ノリのBBQ,52.3
29,親の前でそんなことするな,一回偽名を名乗る,52.3
30,親の前でそんなことするな,本場と比べる,52.3
31,親の前でそんなことするな,家系図をループさせる,52.3
32,親の前でそんなことするな,ドアのテストをする,50.0
33,親の前でそんなことするな,行ってない大学を笑う,50.0
34,親の前でそんなことするな,オレオレ詐欺,50.0
35,親の前でそんなことするな,色の違う親を出す,50.0
36,親の前でそんなことするな,デートの待ち合わせ,47.69
37,親の前でそんなことするな,赤ちゃんプレイ,47.69
38,親の前でそんなことするな,ハシゴを失くす,47.69
39,親の前でそんなことするな,活きた英語,47.69
40,親の前でそんなことするな,裏声の練習,47.69
41,親の前でそんなことするな,茹でた麺を乾かす,47.69
42,親の前でそんなことするな,陰謀論を増やす,47.69
43,親の前でそんなことするな,詠唱,47.69
44,親の前でそんなことするな,全部にポン酢かける,47.69
45,親の前でそんなことするな,最初はパー,45.38
46,親の前でそんなことするな,手塚治虫と言う,45.38
47,親の前でそんなことするな,UFOを呼ぶ踊り,45.38
48,親の前でそんなことするな,本気のカードバトル,45.38
49,親の前でそんなことするな,太ももだけのリフティング,45.38
50,親の前でそんなことするな,草  と書き込む,45.38
51,親の前でそんなことするな,お金を食べる,43.07
52,親の前でそんなことするな,痛いカラオケ,43.07
53,親の前でそんなことするな,褒められるための掃除,43.07
54,親の前でそんなことするな,親に向けて光る,43.07
55,親の前でそんなことするな,4キル,43.07
56,親の前でそんなことするな,ショートコント“宇宙人の繁殖”,43.07
57,親の前でそんなことするな,両親への手紙、の練習,43.07
58,親の前でそんなことするな,Fワードの発声練習,43.07
59,親の前でそんなことするな,滑ってない雰囲気を出す,40.76
60,親の前でそんなことするな,祖父の悪口を言う,40.76
61,親の前でそんなことするな,カルピス原液イッキ飲み,40.76
62,親の前でそんなことするな,叔父の悪口言う,40.76
63,親の前でそんなことするな,恋バナ,40.76
64,親の前でそんなことするな,もっと成功する,40.76
65,親の前でそんなことするな,ごはんの前におやつを食べる,40.76
66,親の前でそんなことするな,今までの努力を無駄にする,40.76
67,親の前でそんなことするな,肉体改造,38.45
68,親の前でそんなことするな,ランク上げ,38.45
69,親の前でそんなことするな,霊柩車見て親指を立てる,36.14
70,親の前でそんなことするな,ダブルスコアをナンパ,36.14
71,親の前でそんなことするな,数学の音読,33.83
72,親の前でそんなことするな,離婚届書く,33.83
73,親の前でそんなことするな,王手,33.83
74,親の前でそんなことするな,返事でオレオレってどう,31.52
0,最も弱い言葉で批難してください,ぷん殴るぞ,81.04
1,最も弱い言葉で批難してください,はみがきじょうずかな,73.04
2,最も弱い言葉で批難してください,そういうの好きくない,73.04
3,最も弱い言葉で批難してください,明日ならいいかも,73.04
4,最も弱い言葉で批難してください,一言ほしかったな,69.04
5,最も弱い言葉で批難してください,成功のもとだ,67.04
6,最も弱い言葉で批難してください,言い換えれば長所,65.04
7,最も弱い言葉で批難してください,クリーミーすぎ,65.04
8,最も弱い言葉で批難してください,あかんの意を表明します,63.04
9,最も弱い言葉で批難してください,なんか枝だよなお前,63.04
10,最も弱い言葉で批難してください,おばかさんどもめ,59.04
11,最も弱い言葉で批難してください,遺憾のんっを表明します,59.04
12,最も弱い言葉で批難してください,ピアニッシモさっちもいかない,59.04
13,最も弱い言葉で批難してください,だめだっち,59.04
14,最も弱い言葉で批難してください,極めてみかんであります。,57.04
15,最も弱い言葉で批難してください,ぁぃっょゎぃゎ,57.04
16,最も弱い言葉で批難してください,来年だな,57.04
17,最も弱い言葉で批難してください,奈良の食い物屋か,57.04
18,最も弱い言葉で批難してください,びっちょりじゃん,57.04
19,最も弱い言葉で批難してください,まずは、ありがとう。,55.03
20,最も弱い言葉で批難してください,そうだよね,55.03
21,最も弱い言葉で批難してください,東京湾に浮かべたろか,55.03
22,最も弱い言葉で批難してください,先生に言っとくから,55.03
23,最も弱い言葉で批難してください,私もそういう時期がありました,55.03
24,最も弱い言葉で批難してください,うさぎくらい太ってる,55.03
25,最も弱い言葉で批難してください,ソファにダメにされろ,55.03
26,最も弱い言葉で批難してください,目の前で売り切れろ,53.03
27,最も弱い言葉で批難してください,俺並みやんけ,53.03
28,最も弱い言葉で批難してください,おい、視聴覚室,53.03
29,最も弱い言葉で批難してください,イチゴのヘタみたいですね,53.03
30,最も弱い言葉で批難してください,ごめん、モヤモヤした,53.03
31,最も弱い言葉で批難してください,めっ！,51.03
32,最も弱い言葉で批難してください,んーなるほどね、なるほどね,51.03
33,最も弱い言葉で批難してください,ワンちゃん未満,51.03
34,最も弱い言葉で批難してください,可愛いだけじゃん,51.03
35,最も弱い言葉で批難してください,たんぽぽのようだ,51.03
36,最も弱い言葉で批難してください,「のふ」,49.03
37,最も弱い言葉で批難してください,まだ乳歯生えてそう,49.03
38,最も弱い言葉で批難してください,弱反対,49.03
39,最も弱い言葉で批難してください,積み木のにわか,49.03
40,最も弱い言葉で批難してください,ﾁﾝﾁｸﾘﾝ,49.03
41,最も弱い言葉で批難してください,マジでパピヨン,49.03
42,最も弱い言葉で批難してください,先生に言うから,49.03
43,最も弱い言葉で批難してください,うんぴ,47.03
44,最も弱い言葉で批難してください,この、ちりとり！,47.03
45,最も弱い言葉で批難してください,オケラかよっ。,45.03
46,最も弱い言葉で批難してください,ちね,45.03
47,最も弱い言葉で批難してください,ふわふわわたあめに乗って冒険に行っちゃえ,45.03
48,最も弱い言葉で批難してください,ありさんが走る,45.03
49,最も弱い言葉で批難してください,農民の飯じゃないんだから,45.03
50,最も弱い言葉で批難してください,全然、誰も悪いわけじゃないんだけど…,45.03
51,最も弱い言葉で批難してください,ふわふわしてる,45.03
52,最も弱い言葉で批難してください,この玉露女,43.03
53,最も弱い言葉で批難してください,ホッ(両腕を前に突き出す),43.03
54,最も弱い言葉で批難してください,月下美人が如き儚さ,43.03
55,最も弱い言葉で批難してください,よく分かんないけど、それは違うと思うよ,43.03
56,最も弱い言葉で批難してください,お前はいっつもほにゃほにゃしている,43.03
57,最も弱い言葉で批難してください,もしかしたら良くなかったりするかもしれません,41.03
58,最も弱い言葉で批難してください,どこがふわふわなんだよ,41.03
59,最も弱い言葉で批難してください,ふわふわのうみそ,41.03
60,最も弱い言葉で批難してください,あーうん俺が悪かった,41.03
61,最も弱い言葉で批難してください,このオタンコナスめ,41.03
62,最も弱い言葉で批難してください,おだんごナス,41.03
63,最も弱い言葉で批難してください,ほれー,41.03
64,最も弱い言葉で批難してください,だ〜め♡（ASMR）,41.03
65,最も弱い言葉で批難してください,エグい笑,41.03
66,最も弱い言葉で批難してください,かわいいだけじゃだめですよ,41.03
67,最も弱い言葉で批難してください,にゅうメーン,39.03
68,最も弱い言葉で批難してください,ふわふわしてんな,39.03
69,最も弱い言葉で批難してください,バカ♡,39.03
70,最も弱い言葉で批難してください,先生に言うで,39.03
71,最も弱い言葉で批難してください,タソホケカス,39.03
72,最も弱い言葉で批難してください,信濃の墓標（しなののぼひょう）かよ,39.03
73,最も弱い言葉で批難してください,君…黄身じゃね？,37.03
74,最も弱い言葉で批難してください,次やったら、せんせーに、言いつけます(ﾈｯﾄﾘ),37.03
75,最も弱い言葉で批難してください,地元アイカ村かよ,37.03
76,最も弱い言葉で批難してください,お前の母ちゃんでべそ,37.03
77,最も弱い言葉で批難してください,ぃヵﾝτ゛ｽ,37.03
78,最も弱い言葉で批難してください,いつもありがとう,33.03
0,悪口を言うと殺される世界で、これ殺されないんだ、って思った発言,端っこ似合うね,76.29
1,悪口を言うと殺される世界で、これ殺されないんだ、って思った発言,親が凄いんだね,73.57
2,悪口を言うと殺される世界で、これ殺されないんだ、って思った発言,大盛りじゃないんだ,73.57
3,悪口を言うと殺される世界で、これ殺されないんだ、って思った発言,軍手似合うね,73.57
4,悪口を言うと殺される世界で、これ殺されないんだ、って思った発言,公式LINEに返信してそう,72.21
5,悪口を言うと殺される世界で、これ殺されないんだ、って思った発言,返事だけはいいね,69.49
6,悪口を言うと殺される世界で、これ殺されないんだ、って思った発言,芸術家タイプですね,69.49
7,悪口を言うと殺される世界で、これ殺されないんだ、って思った発言,お前はホンモノだよ,68.13
8,悪口を言うと殺される世界で、これ殺されないんだ、って思った発言,演出の力よね,68.13
9,悪口を言うと殺される世界で、これ殺されないんだ、って思った発言,これ似合う人初めてです,68.13
10,悪口を言うと殺される世界で、これ殺されないんだ、って思った発言,VTuberに詳しいんだね,66.77
11,悪口を言うと殺される世界で、これ殺されないんだ、って思った発言,早歩き遅そう,66.77
12,悪口を言うと殺される世界で、これ殺されないんだ、って思った発言,家でも食える,65.41
13,悪口を言うと殺される世界で、これ殺されないんだ、って思った発言,彼なりに考えたんだから,65.41
14,悪口を言うと殺される世界で、これ殺されないんだ、って思った発言,どこでも買えるよ,62.68
15,悪口を言うと殺される世界で、これ殺されないんだ、って思った発言,しゃがんでてね,62.68
16,悪口を言うと殺される世界で、これ殺されないんだ、って思った発言,彼氏さん優しそう,61.32
17,悪口を言うと殺される世界で、これ殺されないんだ、って思った発言,ほんとに洗ったのか,61.32
18,悪口を言うと殺される世界で、これ殺されないんだ、って思った発言,もう顔が得意そう,59.96
19,悪口を言うと殺される世界で、これ殺されないんだ、って思った発言,R-1に夢はない,59.96
20,悪口を言うと殺される世界で、これ殺されないんだ、って思った発言,すごいね、逆に,59.96
21,悪口を言うと殺される世界で、これ殺されないんだ、って思った発言,いい意味でね,58.6
22,悪口を言うと殺される世界で、これ殺されないんだ、って思った発言,ちょうどいいブス,58.6
23,悪口を言うと殺される世界で、これ殺されないんだ、って思った発言,パパのと一緒に洗わないで,58.6
24,悪口を言うと殺される世界で、これ殺されないんだ、って思った発言,親は公務員ですか,57.24
25,悪口を言うと殺される世界で、これ殺されないんだ、って思った発言,AIと仲いいよね,57.24
26,悪口を言うと殺される世界で、これ殺されないんだ、って思った発言,広い部屋ではある,57.24
27,悪口を言うと殺される世界で、これ殺されないんだ、って思った発言,歌ではない,55.88
28,悪口を言うと殺される世界で、これ殺されないんだ、って思った発言,松竹の芸人？,55.88
29,悪口を言うと殺される世界で、これ殺されないんだ、って思った発言,ちいかわに似てるね,55.88
30,悪口を言うと殺される世界で、これ殺されないんだ、って思った発言,森香澄好きそう,55.88
31,悪口を言うと殺される世界で、これ殺されないんだ、って思った発言,これ俺は好きだよ,55.88
32,悪口を言うと殺される世界で、これ殺されないんだ、って思った発言,貧乳,54.52
33,悪口を言うと殺される世界で、これ殺されないんだ、って思った発言,楽しんごかお前,54.52
34,悪口を言うと殺される世界で、これ殺されないんだ、って思った発言,…ばか///,54.52
35,悪口を言うと殺される世界で、これ殺されないんだ、って思った発言,ゲーム上手そうだね,54.52
36,悪口を言うと殺される世界で、これ殺されないんだ、って思った発言,多様性が生んだバケモノ,54.52
37,悪口を言うと殺される世界で、これ殺されないんだ、って思った発言,暗い女ね,54.52
38,悪口を言うと殺される世界で、これ殺されないんだ、って思った発言,苦労してきたんだね,54.52
39,悪口を言うと殺される世界で、これ殺されないんだ、って思った発言,近所にマックありそう,53.16
40,悪口を言うと殺される世界で、これ殺されないんだ、って思った発言,いつも厚底だよね,53.16
41,悪口を言うと殺される世界で、これ殺されないんだ、って思った発言,男性声優みたいなファッションだね,53.16
42,悪口を言うと殺される世界で、これ殺されないんだ、って思った発言,ピッチャー変えろ,53.16
43,悪口を言うと殺される世界で、これ殺されないんだ、って思った発言,その他の方ですか？,53.16
44,悪口を言うと殺される世界で、これ殺されないんだ、って思った発言,ブタゴリラ,51.8
45,悪口を言うと殺される世界で、これ殺されないんだ、って思った発言,顔は無職なのに,51.8
46,悪口を言うと殺される世界で、これ殺されないんだ、って思った発言,ほんわかぱっぱしやがって,51.8
47,悪口を言うと殺される世界で、これ殺されないんだ、って思った発言,バカとブスこそ東大へ行け,51.8
48,悪口を言うと殺される世界で、これ殺されないんだ、って思った発言,元気なお子さんどすね,50.44
49,悪口を言うと殺される世界で、これ殺されないんだ、って思った発言,かっけぇっすね,50.44
50,悪口を言うと殺される世界で、これ殺されないんだ、って思った発言,ダ埼玉,50.44
51,悪口を言うと殺される世界で、これ殺されないんだ、って思った発言,お前の彼女、俺に似てる,50.44
52,悪口を言うと殺される世界で、これ殺されないんだ、って思った発言,こっちから見ると別人だね,50.44
53,悪口を言うと殺される世界で、これ殺されないんだ、って思った発言,筆記体をかっこいいと思ってるタイプだよね,50.44
54,悪口を言うと殺される世界で、これ殺されないんだ、って思った発言,あんた、バカぁ？,49.08
55,悪口を言うと殺される世界で、これ殺されないんだ、って思った発言,｢…でも愛してる｣で終わった,49.08
56,悪口を言うと殺される世界で、これ殺されないんだ、って思った発言,電話苦手そう,49.08
57,悪口を言うと殺される世界で、これ殺されないんだ、って思った発言,んー逆グッド,49.08
58,悪口を言うと殺される世界で、これ殺されないんだ、って思った発言,親の顔が見てみたいです,49.08
59,悪口を言うと殺される世界で、これ殺されないんだ、って思った発言,それあなたの感想ですよね,47.72
60,悪口を言うと殺される世界で、これ殺されないんだ、って思った発言,声だけで分かるの,47.72
61,悪口を言うと殺される世界で、これ殺されないんだ、って思った発言,なんだかとても愉快ですね,47.72
62,悪口を言うと殺される世界で、これ殺されないんだ、って思った発言,そんなんでも強く生きてんだもんな,47.72
63,悪口を言うと殺される世界で、これ殺されないんだ、って思った発言,スカイピース観てそう,47.72
64,悪口を言うと殺される世界で、これ殺されないんだ、って思った発言,落ち着いた色が似合うと思います,47.72
65,悪口を言うと殺される世界で、これ殺されないんだ、って思った発言,君って天然風だね,46.35
66,悪口を言うと殺される世界で、これ殺されないんだ、って思った発言,いい意味で頭おかしいね、いい意味で,46.35
67,悪口を言うと殺される世界で、これ殺されないんだ、って思った発言,魚に似てるね,46.35
68,悪口を言うと殺される世界で、これ殺されないんだ、って思った発言,扇風機みたいな顔ですね,46.35
69,悪口を言うと殺される世界で、これ殺されないんだ、って思った発言,へ〜アニメ詳しいんだね,46.35
70,悪口を言うと殺される世界で、これ殺されないんだ、って思った発言,犬かお前は,46.35
71,悪口を言うと殺される世界で、これ殺されないんだ、って思った発言,道をよく聞かれそうな顔だよね,44.99
72,悪口を言うと殺される世界で、これ殺されないんだ、って思った発言,英語で言えばBAD,44.99
73,悪口を言うと殺される世界で、これ殺されないんだ、って思った発言,無知って罪ですよね,44.99
74,悪口を言うと殺される世界で、これ殺されないんだ、って思った発言,まぁ価値観は人それぞれだから,44.99
75,悪口を言うと殺される世界で、これ殺されないんだ、って思った発言,へーなんかすごそう,44.99
76,悪口を言うと殺される世界で、これ殺されないんだ、って思った発言,乾いたスポンジですね,44.99
77,悪口を言うと殺される世界で、これ殺されないんだ、って思った発言,あの子の「バカ…」,44.99
78,悪口を言うと殺される世界で、これ殺されないんだ、って思った発言,見た目は美人だよね,43.63
79,悪口を言うと殺される世界で、これ殺されないんだ、って思った発言,頭大丈夫？,43.63
80,悪口を言うと殺される世界で、これ殺されないんだ、って思った発言,あんたでも結婚できるんだ,43.63
81,悪口を言うと殺される世界で、これ殺されないんだ、って思った発言,ハゲは遺伝だね,43.63
82,悪口を言うと殺される世界で、これ殺されないんだ、って思った発言,お前って和式便所っぽいよな,43.63
83,悪口を言うと殺される世界で、これ殺されないんだ、って思った発言,ギャル苦手そう笑,43.63
84,悪口を言うと殺される世界で、これ殺されないんだ、って思った発言,昨日は奢ってくれたじゃないですか,43.63
85,悪口を言うと殺される世界で、これ殺されないんだ、って思った発言,鬼はー外,43.63
86,悪口を言うと殺される世界で、これ殺されないんだ、って思った発言,おにぎりみたいな頭してますね,42.27
87,悪口を言うと殺される世界で、これ殺されないんだ、って思った発言,君、乾燥ワカメをいちいち水でふやかしてから食べてそうやな,42.27
88,悪口を言うと殺される世界で、これ殺されないんだ、って思った発言,あいつさ、なんか脇長くない？,42.27
89,悪口を言うと殺される世界で、これ殺されないんだ、って思った発言,バーのママの｢馬鹿ね｣,42.27
90,悪口を言うと殺される世界で、これ殺されないんだ、って思った発言,べ、別にあんたのことなんか好きじゃないんだからね！バーカ！,42.27
91,悪口を言うと殺される世界で、これ殺されないんだ、って思った発言,君が駅なら快速で止まらないね,42.27
92,悪口を言うと殺される世界で、これ殺されないんだ、って思った発言,人それぞれ,42.27
93,悪口を言うと殺される世界で、これ殺されないんだ、って思った発言,大事マンブラザーズの「それが大事」以外の曲を知らない。,42.27
94,悪口を言うと殺される世界で、これ殺されないんだ、って思った発言,このスカポンタン！,40.91
95,悪口を言うと殺される世界で、これ殺されないんだ、って思った発言,ブタゴリラのくせに！,40.91
96,悪口を言うと殺される世界で、これ殺されないんだ、って思った発言,八方美人,40.91
97,悪口を言うと殺される世界で、これ殺されないんだ、って思った発言,ほんとに猫好きなの,40.91
98,悪口を言うと殺される世界で、これ殺されないんだ、って思った発言,人多すぎてごみかと思った,40.91
99,悪口を言うと殺される世界で、これ殺されないんだ、って思った発言,お前の母ちゃん英米ソ,40.91
100,悪口を言うと殺される世界で、これ殺されないんだ、って思った発言,あいみょんの歌詞,40.91
101,悪口を言うと殺される世界で、これ殺されないんだ、って思った発言,我が巨人軍は永遠に不潔です,39.55
102,悪口を言うと殺される世界で、これ殺されないんだ、って思った発言,ランランルー！,39.55
103,悪口を言うと殺される世界で、これ殺されないんだ、って思った発言,立派なお召しもんやこと,39.55
104,悪口を言うと殺される世界で、これ殺されないんだ、って思った発言,お前政治家みたいだな,39.55
105,悪口を言うと殺される世界で、これ殺されないんだ、って思った発言,ﾀﾋね,39.55
106,悪口を言うと殺される世界で、これ殺されないんだ、って思った発言,チー牛,38.19
107,悪口を言うと殺される世界で、これ殺されないんだ、って思った発言,おちんちん付いてそう,38.19
108,悪口を言うと殺される世界で、これ殺されないんだ、って思った発言,ネギたま牛丼食べてそう,38.19
109,悪口を言うと殺される世界で、これ殺されないんだ、って思った発言,｢働いたら負け｣って、働く前から負けてるじゃん,38.19
110,悪口を言うと殺される世界で、これ殺されないんだ、って思った発言,このケツアゴが,38.19
111,悪口を言うと殺される世界で、これ殺されないんだ、って思った発言,4ね,38.19
112,悪口を言うと殺される世界で、これ殺されないんだ、って思った発言,その毛量でも美容院でカットしてもらうんだ,38.19
113,悪口を言うと殺される世界で、これ殺されないんだ、って思った発言,京都弁,36.83
114,悪口を言うと殺される世界で、これ殺されないんだ、って思った発言,誰がお前なんかに興味あるんだよ,36.83
115,悪口を言うと殺される世界で、これ殺されないんだ、って思った発言,ぶぶ漬けいかがどす？,36.83
116,悪口を言うと殺される世界で、これ殺されないんだ、って思った発言,お前口臭いねん（理由：本当に口が臭いから）,35.47
117,悪口を言うと殺される世界で、これ殺されないんだ、って思った発言,"「最近暑いよね〜」
「そりゃ晴ればっかだしね〜」",35.47
118,悪口を言うと殺される世界で、これ殺されないんだ、って思った発言,マラソン大会一緒に走ろうって言ったじゃん！,32.75
119,悪口を言うと殺される世界で、これ殺されないんだ、って思った発言,君顔面偏差値低そうだね,32.75
0,「鳶が鷹を産む」よりも凄いこと,アンチが肩を組む,79.84
1,「鳶が鷹を産む」よりも凄いこと,鷹の字で寝る,79.84
2,「鳶が鷹を産む」よりも凄いこと,砂漠でかなり太る,78.37
3,「鳶が鷹を産む」よりも凄いこと,岐阜にトムクルーズ来る,76.9
4,「鳶が鷹を産む」よりも凄いこと,本人よりも似る,72.5
5,「鳶が鷹を産む」よりも凄いこと,勘で千葉から出る,71.04
6,「鳶が鷹を産む」よりも凄いこと,コンビでキャラ被る,69.57
7,「鳶が鷹を産む」よりも凄いこと,連続で検尿する,65.17
8,「鳶が鷹を産む」よりも凄いこと,岐阜が千葉を抜く,63.71
9,「鳶が鷹を産む」よりも凄いこと,サンバのリズムで食う,63.71
10,「鳶が鷹を産む」よりも凄いこと,小指がタンスを壊す,63.71
11,「鳶が鷹を産む」よりも凄いこと,鈍器で笑顔生む,63.71
12,「鳶が鷹を産む」よりも凄いこと,チャリで中国行く,62.24
13,「鳶が鷹を産む」よりも凄いこと,ゾンビが和歌を詠む,59.31
14,「鳶が鷹を産む」よりも凄いこと,麻酔無しで縫う,59.31
15,「鳶が鷹を産む」よりも凄いこと,レンジで孵化させる,59.31
16,「鳶が鷹を産む」よりも凄いこと,ゴロリが国作る,59.31
17,「鳶が鷹を産む」よりも凄いこと,膝が逆に曲がる,57.84
18,「鳶が鷹を産む」よりも凄いこと,パン生地が国になる,57.84
19,「鳶が鷹を産む」よりも凄いこと,エアコンから乱気流出てる,56.37
20,「鳶が鷹を産む」よりも凄いこと,ニートなのに文句言う,56.37
21,「鳶が鷹を産む」よりも凄いこと,普通に生きる,54.91
22,「鳶が鷹を産む」よりも凄いこと,米津玄師が本名,54.91
23,「鳶が鷹を産む」よりも凄いこと,横綱に並盛り渡す,54.91
24,「鳶が鷹を産む」よりも凄いこと,すっぽんが月に競り勝つ,54.91
25,「鳶が鷹を産む」よりも凄いこと,マッチングアプリで広告の女が来る,54.91
26,「鳶が鷹を産む」よりも凄いこと,厳しい師匠が「…うむ」,54.91
27,「鳶が鷹を産む」よりも凄いこと,ドンキがパパを売る,54.91
28,「鳶が鷹を産む」よりも凄いこと,ビッグダディが高学歴を育てる,53.44
29,「鳶が鷹を産む」よりも凄いこと,電子レンジで北京ダックを作る,53.44
30,「鳶が鷹を産む」よりも凄いこと,母の中に住む,53.44
31,「鳶が鷹を産む」よりも凄いこと,ゾンビがハカを習う,53.44
32,「鳶が鷹を産む」よりも凄いこと,マッチ売りで生計を立てる,53.44
33,「鳶が鷹を産む」よりも凄いこと,俺と鳶で鷹を産む,53.44
34,「鳶が鷹を産む」よりも凄いこと,卵が鶏を産む,51.97
35,「鳶が鷹を産む」よりも凄いこと,ゾンビが墓を掘る,51.97
36,「鳶が鷹を産む」よりも凄いこと,内科で愛を詠む,51.97
37,「鳶が鷹を産む」よりも凄いこと,タカがトシを産む,51.97
38,「鳶が鷹を産む」よりも凄いこと,風間俊介の若さ,51.97
39,「鳶が鷹を産む」よりも凄いこと,豆腐で龍を倒す,51.97
40,「鳶が鷹を産む」よりも凄いこと,鳶が和歌を詠む,50.51
41,「鳶が鷹を産む」よりも凄いこと,どっちも読めないけど産む,50.51
42,「鳶が鷹を産む」よりも凄いこと,散歩で電車を追い抜く,50.51
43,「鳶が鷹を産む」よりも凄いこと,同期がカバオくん,50.51
44,「鳶が鷹を産む」よりも凄いこと,立ち幅跳びで渡米する,50.51
45,「鳶が鷹を産む」よりも凄いこと,ゾンビが釈迦を産む,50.51
46,「鳶が鷹を産む」よりも凄いこと,ゴンベがカビゴン産む,49.04
47,「鳶が鷹を産む」よりも凄いこと,トシがタカを抱く,49.04
48,「鳶が鷹を産む」よりも凄いこと,月がすっぽんを産む,49.04
49,「鳶が鷹を産む」よりも凄いこと,鳶がTAKAを産む,49.04
50,「鳶が鷹を産む」よりも凄いこと,ひ孫が孫を産む,49.04
51,「鳶が鷹を産む」よりも凄いこと,ゾンビが釈迦を喰う,47.57
52,「鳶が鷹を産む」よりも凄いこと,私が鷹を産む,47.57
53,「鳶が鷹を産む」よりも凄いこと,オカンのワールドツアーが始まる,47.57
54,「鳶が鷹を産む」よりも凄いこと,地下芸人が売れる,47.57
55,「鳶が鷹を産む」よりも凄いこと,砂場に文明を生む,47.57
56,「鳶が鷹を産む」よりも凄いこと,鳶がホークスを買収する,47.57
57,「鳶が鷹を産む」よりも凄いこと,「行けたら行く」で本当に行く,47.57
58,「鳶が鷹を産む」よりも凄いこと,俺が広瀬アリスと付き合う,47.57
59,「鳶が鷹を産む」よりも凄いこと,井の中の蛙　大会新記録,47.57
60,「鳶が鷹を産む」よりも凄いこと,俺が親を産む,47.57
61,「鳶が鷹を産む」よりも凄いこと,一平がメジャーリーガーになる,46.11
62,「鳶が鷹を産む」よりも凄いこと,金が金を産む,46.11
63,「鳶が鷹を産む」よりも凄いこと,産んだ鷹を戻した,46.11
64,「鳶が鷹を産む」よりも凄いこと,俺に子供ができる,46.11
65,「鳶が鷹を産む」よりも凄いこと,我が子として育てる,46.11
66,「鳶が鷹を産む」よりも凄いこと,千里の道を一歩で終わらす,46.11
67,「鳶が鷹を産む」よりも凄いこと,「行けたら行く」で来た,46.11
68,「鳶が鷹を産む」よりも凄いこと,俺が褒められる,44.64
69,「鳶が鷹を産む」よりも凄いこと,子供が靴下を履く,44.64
70,「鳶が鷹を産む」よりも凄いこと,俺が俺を産む,43.18
71,「鳶が鷹を産む」よりも凄いこと,音痴がバカ泣かす,43.18
72,「鳶が鷹を産む」よりも凄いこと,体を鍛えたら、顔もシックスパックになる,43.18
73,「鳶が鷹を産む」よりも凄いこと,猫が卵を産む,43.18
74,「鳶が鷹を産む」よりも凄いこと,ゾンビが墓を産む,43.18
75,「鳶が鷹を産む」よりも凄いこと,鳶を愛して鷹を産ませる,41.71
76,「鳶が鷹を産む」よりも凄いこと,男が赤ちゃんを産む,41.71
77,「鳶が鷹を産む」よりも凄いこと,喉から本当に手が出る,41.71
78,「鳶が鷹を産む」よりも凄いこと,色違いのポケモンが産まれる,41.71
79,「鳶が鷹を産む」よりも凄いこと,会長が楽器ケースに入ってレバノンに逃げる,41.71
80,「鳶が鷹を産む」よりも凄いこと,ガーシーが全部言う,41.71
81,「鳶が鷹を産む」よりも凄いこと,大谷が俺を養子に,40.24
82,「鳶が鷹を産む」よりも凄いこと,味噌汁味のコーンポタージュ,40.24
83,「鳶が鷹を産む」よりも凄いこと,Amazonが家を売る,40.24
84,「鳶が鷹を産む」よりも凄いこと,オカンが俺を踏む,40.24
85,「鳶が鷹を産む」よりも凄いこと,雄が雌を産む,40.24
86,「鳶が鷹を産む」よりも凄いこと,高齢出産した子に宗幣って名前付けた,40.24
87,「鳶が鷹を産む」よりも凄いこと,ゾンビが子供産む,40.24
88,「鳶が鷹を産む」よりも凄いこと,俺が俺を産む,40.24
89,「鳶が鷹を産む」よりも凄いこと,男が産む,40.24
90,「鳶が鷹を産む」よりも凄いこと,東京タワーとエッフェル塔を間違える,40.24
91,「鳶が鷹を産む」よりも凄いこと,カエルがタピオカミルクティーを生む,40.24
92,「鳶が鷹を産む」よりも凄いこと,俺が鷹を産む,38.78
93,「鳶が鷹を産む」よりも凄いこと,産んだ鷹を飲む,38.78
94,「鳶が鷹を産む」よりも凄いこと,俺が産む！？,38.78
95,「鳶が鷹を産む」よりも凄いこと,女が男を産む,38.78
96,「鳶が鷹を産む」よりも凄いこと,ガチで石の上に三年いる,38.78
97,「鳶が鷹を産む」よりも凄いこと,タカアンドトビ,38.78
98,「鳶が鷹を産む」よりも凄いこと,ゾンビがバカを踏む,38.78
99,「鳶が鷹を産む」よりも凄いこと,ルービックキューブが鷹を産む,37.31
100,「鳶が鷹を産む」よりも凄いこと,今の小学生があだ名で呼び合う,37.31
101,「鳶が鷹を産む」よりも凄いこと,大喜利がオリンピックに正式採用,34.38
102,「鳶が鷹を産む」よりも凄いこと,鷹が鳶を産む,31.44
0,初めてジャグリングを披露した人が周囲から言われたこと,助けた方がいいのか,77.0
1,初めてジャグリングを披露した人が周囲から言われたこと,照明気をつけて,77.0
2,初めてジャグリングを披露した人が周囲から言われたこと,袋に入れるとかさ,73.69
3,初めてジャグリングを披露した人が周囲から言われたこと,手伝いましょうか？,72.03
4,初めてジャグリングを披露した人が周囲から言われたこと,いつ放つの,70.38
5,初めてジャグリングを披露した人が周囲から言われたこと,絶対に2人でやったほうが楽しい,68.72
6,初めてジャグリングを披露した人が周囲から言われたこと,手がもう一ついるだろ,65.41
7,初めてジャグリングを披露した人が周囲から言われたこと,弟にも渡しなさい,65.41
8,初めてジャグリングを披露した人が周囲から言われたこと,腰の位置が嫌だ,65.41
9,初めてジャグリングを披露した人が周囲から言われたこと,忘れたらまた見たい,63.76
10,初めてジャグリングを披露した人が周囲から言われたこと,親にはどう説明するの,63.76
11,初めてジャグリングを披露した人が周囲から言われたこと,そんなに熱いの,63.76
12,初めてジャグリングを披露した人が周囲から言われたこと,奥行きが無い,62.1
13,初めてジャグリングを披露した人が周囲から言われたこと,口開いてるぞ,62.1
14,初めてジャグリングを披露した人が周囲から言われたこと,消すとかでもなく？,62.1
15,初めてジャグリングを披露した人が周囲から言われたこと,いつまで学生気分なの,60.45
16,初めてジャグリングを披露した人が周囲から言われたこと,名前が無かっただけ,57.13
17,初めてジャグリングを披露した人が周囲から言われたこと,悩みとか無さそう,57.13
18,初めてジャグリングを披露した人が周囲から言われたこと,持てる量を買わなきゃだめよ,57.13
19,初めてジャグリングを披露した人が周囲から言われたこと,目的を言え,57.13
20,初めてジャグリングを披露した人が周囲から言われたこと,なんか気に触ったのならゴメン,57.13
21,初めてジャグリングを披露した人が周囲から言われたこと,時間の使い方下手だね,57.13
22,初めてジャグリングを披露した人が周囲から言われたこと,もっと本とか読んだら,55.48
23,初めてジャグリングを披露した人が周囲から言われたこと,熱いの？,55.48
24,初めてジャグリングを披露した人が周囲から言われたこと,何個も買うから変だなと,55.48
25,初めてジャグリングを披露した人が周囲から言われたこと,見所きたら教えて,55.48
26,初めてジャグリングを披露した人が周囲から言われたこと,一人っ子？,55.48
27,初めてジャグリングを披露した人が周囲から言われたこと,多分これは下手,55.48
28,初めてジャグリングを披露した人が周囲から言われたこと,お金こそ与えませんが,55.48
29,初めてジャグリングを披露した人が周囲から言われたこと,謝る気無いだろ,55.48
30,初めてジャグリングを披露した人が周囲から言われたこと,結局サビはどこだったの？,55.48
31,初めてジャグリングを披露した人が周囲から言われたこと,その調子で仕事も頼む,55.48
32,初めてジャグリングを披露した人が周囲から言われたこと,落としたのも食えよ,53.82
33,初めてジャグリングを披露した人が周囲から言われたこと,狭い部屋だったらどうする,53.82
34,初めてジャグリングを披露した人が周囲から言われたこと,お前も増えるのか？,53.82
35,初めてジャグリングを披露した人が周囲から言われたこと,でも学校には行ったほうがいいと思う,53.82
36,初めてジャグリングを披露した人が周囲から言われたこと,助けて欲しいんじゃないですよね？,52.17
37,初めてジャグリングを披露した人が周囲から言われたこと,自分のでやれよ,52.17
38,初めてジャグリングを披露した人が周囲から言われたこと,長男なのにか,52.17
39,初めてジャグリングを披露した人が周囲から言われたこと,なんの比喩だ,52.17
40,初めてジャグリングを披露した人が周囲から言われたこと,全部が間違ってる,52.17
41,初めてジャグリングを披露した人が周囲から言われたこと,キャッチボールする相手いないの？,50.51
42,初めてジャグリングを披露した人が周囲から言われたこと,失敗を隠してるのか,50.51
43,初めてジャグリングを披露した人が周囲から言われたこと,楽しそうで何より,48.86
44,初めてジャグリングを披露した人が周囲から言われたこと,どこまでも自己満足,47.2
45,初めてジャグリングを披露した人が周囲から言われたこと,まだ笑える時代じゃない,47.2
46,初めてジャグリングを披露した人が周囲から言われたこと,とうとう進化するのか俺たち,47.2
47,初めてジャグリングを披露した人が周囲から言われたこと,文化系なんだね,47.2
48,初めてジャグリングを披露した人が周囲から言われたこと,次は2つでやってみようか,47.2
49,初めてジャグリングを披露した人が周囲から言われたこと,これは何ハラスメントですか,47.2
50,初めてジャグリングを披露した人が周囲から言われたこと,どこがジャグでなにがリングなん？,47.2
51,初めてジャグリングを披露した人が周囲から言われたこと,神もさぞお喜びになる,47.2
52,初めてジャグリングを披露した人が周囲から言われたこと,それ熱いの？,45.55
53,初めてジャグリングを披露した人が周囲から言われたこと,で、その後どうすんの？,45.55
54,初めてジャグリングを披露した人が周囲から言われたこと,裸でやらないの？,45.55
55,初めてジャグリングを披露した人が周囲から言われたこと,だいぶ個人プレーの競技やね,45.55
56,初めてジャグリングを披露した人が周囲から言われたこと,暇すぎるだろ,45.55
57,初めてジャグリングを披露した人が周囲から言われたこと,ちょっと落ち着いたら,45.55
58,初めてジャグリングを披露した人が周囲から言われたこと,変顔が足りない,45.55
59,初めてジャグリングを披露した人が周囲から言われたこと,すごいんだけどさ、どこで披露するのが正解なの？,45.55
60,初めてジャグリングを披露した人が周囲から言われたこと,熱いのそれ？,45.55
61,初めてジャグリングを披露した人が周囲から言われたこと,何個持ってるんだ,45.55
62,初めてジャグリングを披露した人が周囲から言われたこと,で？,43.89
63,初めてジャグリングを披露した人が周囲から言われたこと,とりあえず落ち着けよ,43.89
64,初めてジャグリングを披露した人が周囲から言われたこと,大学はどこに行ってるの？,43.89
65,初めてジャグリングを披露した人が周囲から言われたこと,その棒の本来の用途は何？,43.89
66,初めてジャグリングを披露した人が周囲から言われたこと,手榴弾でやるな,43.89
67,初めてジャグリングを披露した人が周囲から言われたこと,そんなに熱々なのか,43.89
68,初めてジャグリングを披露した人が周囲から言われたこと,練習せずに挑んだのか？,43.89
69,初めてジャグリングを披露した人が周囲から言われたこと,もっと死ぬとか考えて,43.89
70,初めてジャグリングを披露した人が周囲から言われたこと,あんま両手同時に投げないかも,43.89
71,初めてジャグリングを披露した人が周囲から言われたこと,何が？,42.23
72,初めてジャグリングを披露した人が周囲から言われたこと,5秒見たら飽きるな,42.23
73,初めてジャグリングを披露した人が周囲から言われたこと,だからこいつに飲ませるなって言ったんだ,42.23
74,初めてジャグリングを披露した人が周囲から言われたこと,それできたからなんなの？,42.23
75,初めてジャグリングを披露した人が周囲から言われたこと,ずっと想定内でした,42.23
76,初めてジャグリングを披露した人が周囲から言われたこと,スポーツにでもなりそう,40.58
77,初めてジャグリングを披露した人が周囲から言われたこと,それ持ってるのってボウリングの？,40.58
78,初めてジャグリングを披露した人が周囲から言われたこと,こういう家電あったよね,40.58
79,初めてジャグリングを披露した人が周囲から言われたこと,そのくびれた棒エロいね,40.58
80,初めてジャグリングを披露した人が周囲から言われたこと,なんかすごい,40.58
81,初めてジャグリングを披露した人が周囲から言われたこと,力仕事は任せろってことだな。ほいっこれ持て、仕事仕事,38.92
82,初めてジャグリングを披露した人が周囲から言われたこと,工程だけですか,38.92
83,初めてジャグリングを披露した人が周囲から言われたこと,人間なの？,38.92
84,初めてジャグリングを披露した人が周囲から言われたこと,凄いけどりんご投げながら食べるの一発目じゃないと思う,38.92
85,初めてジャグリングを披露した人が周囲から言われたこと,予後いい,38.92
86,初めてジャグリングを披露した人が周囲から言われたこと,この遊び、お前の名前つけたらええやん,38.92
87,初めてジャグリングを披露した人が周囲から言われたこと,そういうのは外でやれ,38.92
88,初めてジャグリングを披露した人が周囲から言われたこと,目 障 り,38.92
89,初めてジャグリングを披露した人が周囲から言われたこと,投擲下手すぎない？,38.92
90,初めてジャグリングを披露した人が周囲から言われたこと,エアー抽選機目指してるの？,37.27
91,初めてジャグリングを披露した人が周囲から言われたこと,手でやった方が良いかも,37.27
92,初めてジャグリングを披露した人が周囲から言われたこと,おぉー、うん、上手いね。で、なんで会議中に突然ジャグったん？,35.61
93,初めてジャグリングを披露した人が周囲から言われたこと,おばあちゃんから小遣い巻き上げるための小技？,35.61
94,初めてジャグリングを披露した人が周囲から言われたこと,でもすぐ飽きるよね,32.3
95,初めてジャグリングを披露した人が周囲から言われたこと,お前牛の糞踏んでるよ,32.3
0,カブトムシを100匹逃がした翌日にこんなことが起こった,「ありがとう」の形で死んでた,89.23
1,カブトムシを100匹逃がした翌日にこんなことが起こった,夏が長引いた,81.25
2,カブトムシを100匹逃がした翌日にこんなことが起こった,家の広さを再認識した,74.87
3,カブトムシを100匹逃がした翌日にこんなことが起こった,150匹戻ってきた,71.68
4,カブトムシを100匹逃がした翌日にこんなことが起こった,森が近くなった,70.09
5,カブトムシを100匹逃がした翌日にこんなことが起こった,校舎が面白くなった,68.5
6,カブトムシを100匹逃がした翌日にこんなことが起こった,実績解放:「蟲」,66.9
7,カブトムシを100匹逃がした翌日にこんなことが起こった,一応傘を持っていく,65.31
8,カブトムシを100匹逃がした翌日にこんなことが起こった,家が少し浮いた,65.31
9,カブトムシを100匹逃がした翌日にこんなことが起こった,猫が太った,63.71
10,カブトムシを100匹逃がした翌日にこんなことが起こった,「若者のカブトムシ離れ」とニュースになった,63.71
11,カブトムシを100匹逃がした翌日にこんなことが起こった,羽音で目覚めた,63.71
12,カブトムシを100匹逃がした翌日にこんなことが起こった,みこしが少し速い,63.71
13,カブトムシを100匹逃がした翌日にこんなことが起こった,aikoが真っ暗なインスタをアップした,62.12
14,カブトムシを100匹逃がした翌日にこんなことが起こった,一匹自分に寄り添ってくれた,60.52
15,カブトムシを100匹逃がした翌日にこんなことが起こった,家が5cm浮いた,60.52
16,カブトムシを100匹逃がした翌日にこんなことが起こった,オンガエシオオカブトが来た,60.52
17,カブトムシを100匹逃がした翌日にこんなことが起こった,「カブトムシ注意」の標識が立った,57.33
18,カブトムシを100匹逃がした翌日にこんなことが起こった,家の周りを哀川翔がウロウロしてる,55.74
19,カブトムシを100匹逃がした翌日にこんなことが起こった,原付のヘルメットが凹む,55.74
20,カブトムシを100匹逃がした翌日にこんなことが起こった,夏の匂いが強烈,55.74
21,カブトムシを100匹逃がした翌日にこんなことが起こった,樹液が置いてあった,55.74
22,カブトムシを100匹逃がした翌日にこんなことが起こった,追加で10匹貰える,55.74
23,カブトムシを100匹逃がした翌日にこんなことが起こった,小学生が命の価値を低めた,55.74
24,カブトムシを100匹逃がした翌日にこんなことが起こった,スイミーみたいに飛ぶ,54.14
25,カブトムシを100匹逃がした翌日にこんなことが起こった,デカい1匹が来た,54.14
26,カブトムシを100匹逃がした翌日にこんなことが起こった,車を発進させたらブチブチいった,54.14
27,カブトムシを100匹逃がした翌日にこんなことが起こった,来年の予約も埋まった,54.14
28,カブトムシを100匹逃がした翌日にこんなことが起こった,赤カブトムシが目となって襲ってきた,54.14
29,カブトムシを100匹逃がした翌日にこんなことが起こった,また恩返しか,54.14
30,カブトムシを100匹逃がした翌日にこんなことが起こった,1匹だけ太平洋を渡り切った,52.55
31,カブトムシを100匹逃がした翌日にこんなことが起こった,肥えたカラスが恩返しに来た,52.55
32,カブトムシを100匹逃がした翌日にこんなことが起こった,街の木がちょっと減った,52.55
33,カブトムシを100匹逃がした翌日にこんなことが起こった,僕の夏が終わった。,52.55
34,カブトムシを100匹逃がした翌日にこんなことが起こった,昆虫館をクビになった,52.55
35,カブトムシを100匹逃がした翌日にこんなことが起こった,クワガタが怒ってる,52.55
36,カブトムシを100匹逃がした翌日にこんなことが起こった,少しだけ毛深くなった,52.55
37,カブトムシを100匹逃がした翌日にこんなことが起こった,役所の人に怒られた,52.55
38,カブトムシを100匹逃がした翌日にこんなことが起こった,哀川翔が一日中テレビに出てた,52.55
39,カブトムシを100匹逃がした翌日にこんなことが起こった,映画化が決まった,50.95
40,カブトムシを100匹逃がした翌日にこんなことが起こった,aikoが100人来た,50.95
41,カブトムシを100匹逃がした翌日にこんなことが起こった,「パチンコ」が「パチンヨ」になってた,50.95
42,カブトムシを100匹逃がした翌日にこんなことが起こった,虫挟まれが増える,50.95
43,カブトムシを100匹逃がした翌日にこんなことが起こった,ゼリー工場が止まる,50.95
44,カブトムシを100匹逃がした翌日にこんなことが起こった,デカい1匹になって帰ってきた,50.95
45,カブトムシを100匹逃がした翌日にこんなことが起こった,メスだけ帰ってきた,50.95
46,カブトムシを100匹逃がした翌日にこんなことが起こった,突起部分が増えた,50.95
47,カブトムシを100匹逃がした翌日にこんなことが起こった,カブトムシの弟ができる,49.36
48,カブトムシを100匹逃がした翌日にこんなことが起こった,カールが箱詰めで届いた,49.36
49,カブトムシを100匹逃がした翌日にこんなことが起こった,自分が交尾される,47.77
50,カブトムシを100匹逃がした翌日にこんなことが起こった,頭に宝石が乗ってる,47.77
51,カブトムシを100匹逃がした翌日にこんなことが起こった,弱いリザードンを100匹でボコボコにしてる,47.77
52,カブトムシを100匹逃がした翌日にこんなことが起こった,少し背が高くなった,47.77
53,カブトムシを100匹逃がした翌日にこんなことが起こった,100人のaikoが恩返しに来た,47.77
54,カブトムシを100匹逃がした翌日にこんなことが起こった,市役所と揉めた。,47.77
55,カブトムシを100匹逃がした翌日にこんなことが起こった,ハチが怯えながら部屋に入ってきた,46.17
56,カブトムシを100匹逃がした翌日にこんなことが起こった,昨日のが謝りに来た,46.17
57,カブトムシを100匹逃がした翌日にこんなことが起こった,家に昆虫ゼリーが塗られる,46.17
58,カブトムシを100匹逃がした翌日にこんなことが起こった,Day Day で特集してた,46.17
59,カブトムシを100匹逃がした翌日にこんなことが起こった,噂を聞きつけた蝉の大群も来る,46.17
60,カブトムシを100匹逃がした翌日にこんなことが起こった,行政からめっちゃ怒られた,44.58
61,カブトムシを100匹逃がした翌日にこんなことが起こった,残った一匹が新種だった,44.58
62,カブトムシを100匹逃がした翌日にこんなことが起こった,映画のオファー来た,44.58
63,カブトムシを100匹逃がした翌日にこんなことが起こった,ちょっとだけ強くなったカブトムシが100匹帰ってきた,44.58
64,カブトムシを100匹逃がした翌日にこんなことが起こった,スイミーみたいに巨大なカブトムシになって街を襲い始めた,44.58
65,カブトムシを100匹逃がした翌日にこんなことが起こった,流れ星ながれる〜〜〜〜〜〜〜〜〜,44.58
66,カブトムシを100匹逃がした翌日にこんなことが起こった,近所の男児の素敵な笑顔が見られた,44.58
67,カブトムシを100匹逃がした翌日にこんなことが起こった,指名手配が解除された,44.58
68,カブトムシを100匹逃がした翌日にこんなことが起こった,ムシキングの実機がベランダに置かれていた,44.58
69,カブトムシを100匹逃がした翌日にこんなことが起こった,哀川翔に詰められた,44.58
70,カブトムシを100匹逃がした翌日にこんなことが起こった,巨大な１匹になって帰ってきた,42.98
71,カブトムシを100匹逃がした翌日にこんなことが起こった,ゼリーちょっと食べてみて捨てた,42.98
72,カブトムシを100匹逃がした翌日にこんなことが起こった,お隣さんから揚げたてで帰ってくる,42.98
73,カブトムシを100匹逃がした翌日にこんなことが起こった,知らないおじさんが訪問してきた,42.98
74,カブトムシを100匹逃がした翌日にこんなことが起こった,カブトムシのゼリーが100箱届いた,42.98
75,カブトムシを100匹逃がした翌日にこんなことが起こった,✈️「成熟して帰ってきました」,42.98
76,カブトムシを100匹逃がした翌日にこんなことが起こった,自販機の釣り銭口から角だけ出てくる,42.98
77,カブトムシを100匹逃がした翌日にこんなことが起こった,"もしもし〜
保健所のものですが…",42.98
78,カブトムシを100匹逃がした翌日にこんなことが起こった,そしあの破局,42.98
79,カブトムシを100匹逃がした翌日にこんなことが起こった,不妊治療中だった妻がついに懐妊した,42.98
80,カブトムシを100匹逃がした翌日にこんなことが起こった,全員帰ってきた,42.98
81,カブトムシを100匹逃がした翌日にこんなことが起こった,青年ジョン・レノンがカブトムシの大群を見てとあるバンドを結成する,42.98
82,カブトムシを100匹逃がした翌日にこんなことが起こった,100人の美女が恩返しに来る,41.39
83,カブトムシを100匹逃がした翌日にこんなことが起こった,虫採り仲間からムシされた,41.39
84,カブトムシを100匹逃がした翌日にこんなことが起こった,aikoが恩返しに来た,41.39
85,カブトムシを100匹逃がした翌日にこんなことが起こった,メッタ刺しの虫屋,41.39
86,カブトムシを100匹逃がした翌日にこんなことが起こった,積んで耳におでこを寄せる,41.39
87,カブトムシを100匹逃がした翌日にこんなことが起こった,全員帰ってきた,41.39
88,カブトムシを100匹逃がした翌日にこんなことが起こった,aikoのランチが少しだけ豪華になった,41.39
89,カブトムシを100匹逃がした翌日にこんなことが起こった,逃走者が捕まり、自首した人間は炎上した,39.79
90,カブトムシを100匹逃がした翌日にこんなことが起こった,一斉に恩返しに来た,39.79
91,カブトムシを100匹逃がした翌日にこんなことが起こった,笑うせーるすまんの主演が決まった,39.79
92,カブトムシを100匹逃がした翌日にこんなことが起こった,虚無感,39.79
93,カブトムシを100匹逃がした翌日にこんなことが起こった,幼虫が100匹見つかった,39.79
94,カブトムシを100匹逃がした翌日にこんなことが起こった,茶色い集団が恩返しにきた,39.79
95,カブトムシを100匹逃がした翌日にこんなことが起こった,一匹の巨大なカブトムシになって戻ってきた,38.2
96,カブトムシを100匹逃がした翌日にこんなことが起こった,ボディービルダー100人が恩返しに来た,38.2
97,カブトムシを100匹逃がした翌日にこんなことが起こった,アマチュア大会の予選突破,38.2
98,カブトムシを100匹逃がした翌日にこんなことが起こった,ゼリー状になったホルマリン漬けaikoがラストシングル「背負い投げI I」を発表,36.6
99,カブトムシを100匹逃がした翌日にこんなことが起こった,Xで虫取り網を持つ哀川翔の目撃情報が相次ぐ,36.6
100,カブトムシを100匹逃がした翌日にこんなことが起こった,意外にクワガタのメスと帰ってきたやつが目立つ,36.6
101,カブトムシを100匹逃がした翌日にこんなことが起こった,清水国明のヘルメットにぶつがって２匹死んだ,36.6
102,カブトムシを100匹逃がした翌日にこんなことが起こった,昆虫ゼリーをとりに帰ってきた,33.41
0,救う対象がピンポイントすぎるヒーロー,その熟女を離せ,92.57
1,救う対象がピンポイントすぎるヒーロー,アプリ会員限定,77.1
2,救う対象がピンポイントすぎるヒーロー,まず出身大学を聞く,71.3
3,救う対象がピンポイントすぎるヒーロー,すぐ電話に出る,69.37
4,救う対象がピンポイントすぎるヒーロー,今年度は俺たちが守る！！,69.37
5,救う対象がピンポイントすぎるヒーロー,かがむと見えそうな女子,65.5
6,救う対象がピンポイントすぎるヒーロー,セルフレジにいる,65.5
7,救う対象がピンポイントすぎるヒーロー,泣くまで待つ,63.57
8,救う対象がピンポイントすぎるヒーロー,Capslockを押しちゃった人,63.57
9,救う対象がピンポイントすぎるヒーロー,Mサイズをお探しかな？あっちの棚にあるぞ！,63.57
10,救う対象がピンポイントすぎるヒーロー,何マンか言えたら助ける,63.57
11,救う対象がピンポイントすぎるヒーロー,第28話「決戦！津市市役所前！！」,61.64
12,救う対象がピンポイントすぎるヒーロー,足立区にお住まいの20代男性の方でエミナルクリニックに通っているそこのあなた！今助けに行くからな,61.64
13,救う対象がピンポイントすぎるヒーロー,すまない、保険適用外だ,61.64
14,救う対象がピンポイントすぎるヒーロー,待ってろよ、ノシシ,59.71
15,救う対象がピンポイントすぎるヒーロー,替えの靴下を持ってる,57.77
16,救う対象がピンポイントすぎるヒーロー,指が乾燥してレジ袋開けない人を助ける,57.77
17,救う対象がピンポイントすぎるヒーロー,中指にモザイクをかけてくれる,55.84
18,救う対象がピンポイントすぎるヒーロー,教祖と呼ばれる,55.84
19,救う対象がピンポイントすぎるヒーロー,オチがありそうな時だけ,55.84
20,救う対象がピンポイントすぎるヒーロー,一部地域以外の人とはお別れです,55.84
21,救う対象がピンポイントすぎるヒーロー,フォロー&リポストしてくれてたら行く,55.84
22,救う対象がピンポイントすぎるヒーロー,こちら側のどこからでも開けてくれた,55.84
23,救う対象がピンポイントすぎるヒーロー,りお(25) 都内住みOL カフェ巡り、ディズニー好きです！一緒にいて楽しい人と巡り会えたら嬉しいです。,53.91
24,救う対象がピンポイントすぎるヒーロー,シワ伸ばしができる,53.91
25,救う対象がピンポイントすぎるヒーロー,技名の前に「小林製薬の」がつく,53.91
26,救う対象がピンポイントすぎるヒーロー,ウンコしてトイレから出た瞬間入ってきたクラスメイトと目が合った男子小学生,51.97
27,救う対象がピンポイントすぎるヒーロー,そこにニキビ怪我はないかい,51.97
28,救う対象がピンポイントすぎるヒーロー,Edy使ってる人だけ救う,51.97
29,救う対象がピンポイントすぎるヒーロー,所持金500円以下,51.97
30,救う対象がピンポイントすぎるヒーロー,港区の子供を守る,50.04
31,救う対象がピンポイントすぎるヒーロー,宴会の盛り上がりに欠けるテーブルで大声で笑う,50.04
32,救う対象がピンポイントすぎるヒーロー,裏で贔屓怪人と呼ばれている,50.04
33,救う対象がピンポイントすぎるヒーロー,リボ払いの返済をしてる大学生,50.04
34,救う対象がピンポイントすぎるヒーロー,さそり座の女の歌手,50.04
35,救う対象がピンポイントすぎるヒーロー,家出る前に鞄に入ってなかったあれこれを思い出して手の中がいっぱいで鍵が閉められない人,50.04
36,救う対象がピンポイントすぎるヒーロー,駅近はやめないか,50.04
37,救う対象がピンポイントすぎるヒーロー,またガード下で戦ってる,48.11
38,救う対象がピンポイントすぎるヒーロー,過払い金は、絶対取り戻す！,48.11
39,救う対象がピンポイントすぎるヒーロー,期限切れになったギガファイル便を救ってくれる,48.11
40,救う対象がピンポイントすぎるヒーロー,油不足の時に汗をくれる,48.11
41,救う対象がピンポイントすぎるヒーロー,閉店前の値引き食品は全て買う,48.11
42,救う対象がピンポイントすぎるヒーロー,自分で作った迷路が解けなくなった人,46.17
43,救う対象がピンポイントすぎるヒーロー,行き先と逆の電車乗ってる人に声をかける,46.17
44,救う対象がピンポイントすぎるヒーロー,ヴィラン保険には加入されてます？,46.17
45,救う対象がピンポイントすぎるヒーロー,怒って職員室に帰った先生のケアは任せろ！,46.17
46,救う対象がピンポイントすぎるヒーロー,善玉菌だけ選ぶ,46.17
47,救う対象がピンポイントすぎるヒーロー,小鳥遊さんの利き腕だけは必ず守る！！！,46.17
48,救う対象がピンポイントすぎるヒーロー,〇〇東高校出身の人,46.17
49,救う対象がピンポイントすぎるヒーロー,やめろ、触るな,46.17
50,救う対象がピンポイントすぎるヒーロー,パートの主婦が襲われてる！なら助けに行くぞ！,46.17
51,救う対象がピンポイントすぎるヒーロー,俺たちはLGBTQのLだけを救う！,46.17
52,救う対象がピンポイントすぎるヒーロー,なぜか大人に嫌われがちですか,46.17
53,救う対象がピンポイントすぎるヒーロー,35点のブス,46.17
54,救う対象がピンポイントすぎるヒーロー,おばさんの膝を心配する,46.17
55,救う対象がピンポイントすぎるヒーロー,君は僕のふりかけでご飯を食べているのかい？助けよう！君は他のヒーローのレトルトカレーを食べているのかい？どっかいけ！,46.17
56,救う対象がピンポイントすぎるヒーロー,じゃこの中の小さいカニ,46.17
57,救う対象がピンポイントすぎるヒーロー,夫を失ったばかりの葬式終了後の未亡人,46.17
58,救う対象がピンポイントすぎるヒーロー,鼻毛カッター振り回す,44.24
59,救う対象がピンポイントすぎるヒーロー,青いシャツの8歳児,44.24
60,救う対象がピンポイントすぎるヒーロー,俺ァ自分の大事な人だけで手一杯さ,44.24
61,救う対象がピンポイントすぎるヒーロー,字余り,44.24
62,救う対象がピンポイントすぎるヒーロー,スポンサーが一社提供,44.24
63,救う対象がピンポイントすぎるヒーロー,部屋を暗くして、俺から離れずに見てくれよな,44.24
64,救う対象がピンポイントすぎるヒーロー,大卒、年収600万、ギャンブルしない,44.24
65,救う対象がピンポイントすぎるヒーロー,こうなると思ってました,44.24
66,救う対象がピンポイントすぎるヒーロー,北の喧嘩や訴訟しか止めない,44.24
67,救う対象がピンポイントすぎるヒーロー,虫を捕まえてくれる,42.31
68,救う対象がピンポイントすぎるヒーロー,富裕層の子供が襲われてる時だけ助けに来る,42.31
69,救う対象がピンポイントすぎるヒーロー,俺は新世界を救う！,42.31
70,救う対象がピンポイントすぎるヒーロー,政界の平和を守る,42.31
71,救う対象がピンポイントすぎるヒーロー,塩と砂糖を間違えた時に出汁を持って助けにきてくれる,42.31
72,救う対象がピンポイントすぎるヒーロー,直角に避けられた,42.31
73,救う対象がピンポイントすぎるヒーロー,焼かれてるアワビ,42.31
74,救う対象がピンポイントすぎるヒーロー,2世タレント,40.37
75,救う対象がピンポイントすぎるヒーロー,足が短い哺乳類だけ救う,40.37
76,救う対象がピンポイントすぎるヒーロー,おこげ,40.37
77,救う対象がピンポイントすぎるヒーロー,アンミカ戦隊 ホワイトレンジャー（100色）,40.37
78,救う対象がピンポイントすぎるヒーロー,風に飛ばされたレシートを追う人を救う”レシートキャッチャーZ“,38.44
79,救う対象がピンポイントすぎるヒーロー,女しか救わん,38.44
80,救う対象がピンポイントすぎるヒーロー,噂好きのおばあさんを狙う,38.44
81,救う対象がピンポイントすぎるヒーロー,ランドセル背負ってる港区の子,38.44
82,救う対象がピンポイントすぎるヒーロー,カラーコードで名乗る,38.44
83,救う対象がピンポイントすぎるヒーロー,足立区の平和を守っている,36.51
84,救う対象がピンポイントすぎるヒーロー,冷蔵庫「こんな熱くなるなんてな」,36.51
85,救う対象がピンポイントすぎるヒーロー,ヒーローの名乗りが配信に乗り住所がバレてしまった,34.57
86,救う対象がピンポイントすぎるヒーロー,遠慮のかたまりや,34.57
0,常に変な音がしてる異音モールにありがちなこと,帰っても少し聞こえる,97.52
1,常に変な音がしてる異音モールにありがちなこと,２F　くらしと悲鳴のフロア,74.62
2,常に変な音がしてる異音モールにありがちなこと,大きい一発で閉店する,72.21
3,常に変な音がしてる異音モールにありがちなこと,念のため階段を使う,72.21
4,常に変な音がしてる異音モールにありがちなこと,20日と30日は5dbオフ,72.21
5,常に変な音がしてる異音モールにありがちなこと,"毎月20,30日は音量5倍",68.6
6,常に変な音がしてる異音モールにありがちなこと,たまに曲と合う,67.39
7,常に変な音がしてる異音モールにありがちなこと,暮らしと雑音のフロア,66.19
8,常に変な音がしてる異音モールにありがちなこと,これは俺の音か,66.19
9,常に変な音がしてる異音モールにありがちなこと,特別な異音が聞ける感謝デーがある,64.98
10,常に変な音がしてる異音モールにありがちなこと,静かだと警察来る,63.78
11,常に変な音がしてる異音モールにありがちなこと,異音シネマが最初につぶれる,63.78
12,常に変な音がしてる異音モールにありがちなこと,お客様の声が聞こえる,63.78
13,常に変な音がしてる異音モールにありがちなこと,現金なのにPayPayって鳴る,63.78
14,常に変な音がしてる異音モールにありがちなこと,5が付く日うるさい,63.78
15,常に変な音がしてる異音モールにありがちなこと,営業の芸人の声がどんどん大きくなる,63.78
16,常に変な音がしてる異音モールにありがちなこと,プライベートブランドとして「TOPVOLUME」を展開している,62.57
17,常に変な音がしてる異音モールにありがちなこと,反応しなくて店員だなと思う,62.57
18,常に変な音がしてる異音モールにありがちなこと,子供にしか聴こえない音もある,62.57
19,常に変な音がしてる異音モールにありがちなこと,本当なのに逃げない,61.37
20,常に変な音がしてる異音モールにありがちなこと,昨日より広い,61.37
21,常に変な音がしてる異音モールにありがちなこと,肉が安すぎる,61.37
22,常に変な音がしてる異音モールにありがちなこと,毎月20日・30日はやや音が小さい,60.16
23,常に変な音がしてる異音モールにありがちなこと,耳栓めっちゃ売れる,58.96
24,常に変な音がしてる異音モールにありがちなこと,ばあちゃんは何も感じない,58.96
25,常に変な音がしてる異音モールにありがちなこと,島村楽器が悪いことになってる,57.75
26,常に変な音がしてる異音モールにありがちなこと,不協WAONが響く,57.75
27,常に変な音がしてる異音モールにありがちなこと,アイス屋が異音に合わせて歌う,57.75
28,常に変な音がしてる異音モールにありがちなこと,ヴィレッジヴァンガードだけ無事,56.55
29,常に変な音がしてる異音モールにありがちなこと,迷子の”予定”が呼ばれる,56.55
30,常に変な音がしてる異音モールにありがちなこと,子供が靴の裏を確認してる,56.55
31,常に変な音がしてる異音モールにありがちなこと,吹き抜けが一番落ち着かない,56.55
32,常に変な音がしてる異音モールにありがちなこと,子供と手を繋ぐ,55.34
33,常に変な音がしてる異音モールにありがちなこと,音量が5%OFFになる,55.34
34,常に変な音がしてる異音モールにありがちなこと,耐震検査には受かってる,54.14
35,常に変な音がしてる異音モールにありがちなこと,都会の人には聞こえない,54.14
36,常に変な音がしてる異音モールにありがちなこと,閉店の異音もある,54.14
37,常に変な音がしてる異音モールにありがちなこと,お客様の声に耳を傾けない,54.14
38,常に変な音がしてる異音モールにありがちなこと,マネキンが何かブツブツ言ってる,54.14
39,常に変な音がしてる異音モールにありがちなこと,下りは階段にする,54.14
40,常に変な音がしてる異音モールにありがちなこと,2階　陦｣譛阪と證ｮ繧峨＠,52.93
41,常に変な音がしてる異音モールにありがちなこと,導かれて買う,52.93
42,常に変な音がしてる異音モールにありがちなこと,不協WAON,52.93
43,常に変な音がしてる異音モールにありがちなこと,2階　モスキートとラップ音のフロア,52.93
44,常に変な音がしてる異音モールにありがちなこと,ピンポンパンポーン(全部ド),51.73
45,常に変な音がしてる異音モールにありがちなこと,お母さんのため息だけはっきり聞こえる,51.73
46,常に変な音がしてる異音モールにありがちなこと,売れないバンドが集まる,51.73
47,常に変な音がしてる異音モールにありがちなこと,ゲーセンで詰む,51.73
48,常に変な音がしてる異音モールにありがちなこと,"異音銀行という、
ただ壊れているだけのATMがある",51.73
49,常に変な音がしてる異音モールにありがちなこと,階段で上る,51.73
50,常に変な音がしてる異音モールにありがちなこと,不協WAONで支払う,50.52
51,常に変な音がしてる異音モールにありがちなこと,ゲーセンで誤魔化してるとこがある,50.52
52,常に変な音がしてる異音モールにありがちなこと,誰かが何かで間違えてる,50.52
53,常に変な音がしてる異音モールにありがちなこと,相対的にゲームコーナーが静か,50.52
54,常に変な音がしてる異音モールにありがちなこと,不協WAONポイントが貯まる,50.52
55,常に変な音がしてる異音モールにありがちなこと,放送が音割れしてる,49.32
56,常に変な音がしてる異音モールにありがちなこと,耳栓の専門店がある,49.32
57,常に変な音がしてる異音モールにありがちなこと,モスキート音でゾーニングされてる区間がある,49.32
58,常に変な音がしてる異音モールにありがちなこと,不協WAON,49.32
59,常に変な音がしてる異音モールにありがちなこと,２０日30日は音が５％アップする,49.32
60,常に変な音がしてる異音モールにありがちなこと,ジャスコが恋しい,48.11
61,常に変な音がしてる異音モールにありがちなこと,トップバリュブリュブチチチ,48.11
62,常に変な音がしてる異音モールにありがちなこと,フードコートでどれが呼び出しブザー の音か分からない,48.11
63,常に変な音がしてる異音モールにありがちなこと,電話の音に気づかない,48.11
64,常に変な音がしてる異音モールにありがちなこと,不協WAON,48.11
65,常に変な音がしてる異音モールにありがちなこと,睨むと高く鳴る,48.11
66,常に変な音がしてる異音モールにありがちなこと,不協WAON！ が鳴り響く,48.11
67,常に変な音がしてる異音モールにありがちなこと,アラームが止まったら料理を取りに行く,48.11
68,常に変な音がしてる異音モールにありがちなこと,ハンターと目が合う,48.11
69,常に変な音がしてる異音モールにありがちなこと,近隣に無音モールができると、より大きな音を出して求愛する,48.11
70,常に変な音がしてる異音モールにありがちなこと,音源に迷子が集まる,48.11
71,常に変な音がしてる異音モールにありがちなこと,異音が複数鳴ってる店では和音ポイントが使える,46.9
72,常に変な音がしてる異音モールにありがちなこと,料金はｶﾞｶﾞｯﾋﾟｰｰｶﾞｶﾞｺﾞｯです,46.9
73,常に変な音がしてる異音モールにありがちなこと,壊れかけの呼び込みくん,46.9
74,常に変な音がしてる異音モールにありがちなこと,歌声が命を救った,46.9
75,常に変な音がしてる異音モールにありがちなこと,ヴィレヴァンは異音が馴染んでいる,46.9
76,常に変な音がしてる異音モールにありがちなこと,全部手動でやる,46.9
77,常に変な音がしてる異音モールにありがちなこと,異音オリジナルのプライベート異音がある,46.9
78,常に変な音がしてる異音モールにありがちなこと,無言が気にならない,46.9
79,常に変な音がしてる異音モールにありがちなこと,私たちは怪奇を植えています,46.9
80,常に変な音がしてる異音モールにありがちなこと,流れる音を募集している,45.7
81,常に変な音がしてる異音モールにありがちなこと,ハモると和音ポイント,45.7
82,常に変な音がしてる異音モールにありがちなこと,店員同士はモールス信号,45.7
83,常に変な音がしてる異音モールにありがちなこと,♪ハローキティ、グチュヌチｬ、焼きたてのポップコーンはいかが？,45.7
84,常に変な音がしてる異音モールにありがちなこと,自動ドアが開閉するたびにコナンの扉の音がする,45.7
85,常に変な音がしてる異音モールにありがちなこと,サンプリングした曲がバズる,45.7
86,常に変な音がしてる異音モールにありがちなこと,【陣内智則回答】ここが異音モールかぁ、常に変な音がしてる異音モール、どんなとこかなーほなちょっと覗いてみよ！ﾌﾟｩ~?うわっ、ちょ、やめーや！今の俺ちゃうからな！ドアの音やから、屁こいてへんから！普通ウィーンとか言うやんもう、見んといてやそんなジョロジョロと……感染すんのこれ！？,45.7
87,常に変な音がしてる異音モールにありがちなこと,＼和音／,45.7
88,常に変な音がしてる異音モールにありがちなこと,ヴィレバンだけいつもと変わらない,45.7
89,常に変な音がしてる異音モールにありがちなこと,GYAOOOOOOON‼︎ポイントが貯まる,44.49
90,常に変な音がしてる異音モールにありがちなこと,フードコートのラーメン屋が鳴ったと思った人で渋滞している,44.49
91,常に変な音がしてる異音モールにありがちなこと,黒板展示場で猫を飼っている,44.49
92,常に変な音がしてる異音モールにありがちなこと,お腹が痛くなる,44.49
93,常に変な音がしてる異音モールにありがちなこと,フードコートの呼び出し音だと思いつい腰が浮く,44.49
94,常に変な音がしてる異音モールにありがちなこと,"ｳ""ﾜｧｩｫｵ""ﾝ！",43.29
95,常に変な音がしてる異音モールにありがちなこと,サティなと思った,43.29
96,常に変な音がしてる異音モールにありがちなこと,“4”と鳴く犬のカードが使える,43.29
97,常に変な音がしてる異音モールにありがちなこと,擬音セールがある。,43.29
98,常に変な音がしてる異音モールにありがちなこと,異音も売る,43.29
99,常に変な音がしてる異音モールにありがちなこと,和音カードで安心する,43.29
100,常に変な音がしてる異音モールにありがちなこと,1日に1度は本物の万引きがつかまる,42.08
101,常に変な音がしてる異音モールにありがちなこと,静かならそこは田舎,42.08
102,常に変な音がしてる異音モールにありがちなこと,和音カードだけが唯一の救い,42.08
103,常に変な音がしてる異音モールにありがちなこと,ゲームセンターでは違和感がないから不思議,42.08
104,常に変な音がしてる異音モールにありがちなこと,ラッパーの曲に使われてる,42.08
105,常に変な音がしてる異音モールにありがちなこと,気まずさを紛らわせる,42.08
106,常に変な音がしてる異音モールにありがちなこと,異音カードで決済するたび異音が響き渡る,42.08
107,常に変な音がしてる異音モールにありがちなこと,閉店の音が不気味なので全員ちょっと早足で帰る,42.08
108,常に変な音がしてる異音モールにありがちなこと,決済音が和音,40.88
109,常に変な音がしてる異音モールにありがちなこと,フードコートは無音,40.88
110,常に変な音がしてる異音モールにありがちなこと,よく聞くと近隣スーパーのテーマソングが素材だと気付ける,39.67
111,常に変な音がしてる異音モールにありがちなこと,和音ポイントを貯める,39.67
112,常に変な音がしてる異音モールにありがちなこと,「WAON?」,39.67
113,常に変な音がしてる異音モールにありがちなこと,WAONの音がいつも通りで嬉しい,39.67
114,常に変な音がしてる異音モールにありがちなこと,クラシックなどのきれいな音を聞かせると少しおとなしくなる,39.67
115,常に変な音がしてる異音モールにありがちなこと,和音決済のハーモニーが美しい,39.67
116,常に変な音がしてる異音モールにありがちなこと,期待以上の家電になる,38.47
117,常に変な音がしてる異音モールにありがちなこと,ヘリウムガスが売上1位,38.47
118,常に変な音がしてる異音モールにありがちなこと,ポイントカード決済「ギャオン（爆音）」,38.47
119,常に変な音がしてる異音モールにありがちなこと,"1階じゃなくて1族って言いなさい！ってずっと言ってる
なぜか3階から12階がない",38.47
120,常に変な音がしてる異音モールにありがちなこと,異音は全て和音になっている,38.47
121,常に変な音がしてる異音モールにありがちなこと,年寄りが次々インフォメーションセンターにお呼び出しされる,38.47
122,常に変な音がしてる異音モールにありがちなこと,WAON(和音)が使えない,38.47
123,常に変な音がしてる異音モールにありがちなこと,異音が和音決済音の5度下でハモってる,38.47
124,常に変な音がしてる異音モールにありがちなこと,済】: クリーンタイムではなくキュイーンタイムがある,38.47
125,常に変な音がしてる異音モールにありがちなこと,不協和音カード,37.26
126,常に変な音がしてる異音モールにありがちなこと,照明が紫外線ブルー,37.26
127,常に変な音がしてる異音モールにありがちなこと,占い師が煽る音になる,37.26
128,常に変な音がしてる異音モールにありがちなこと,「和音！」だけが癒やし,37.26
129,常に変な音がしてる異音モールにありがちなこと,和音カードで巻き返す,37.26
130,常に変な音がしてる異音モールにありがちなこと,布教WAON,36.06
131,常に変な音がしてる異音モールにありがちなこと,店内放送の方がまだ聞き取れる,36.06
132,常に変な音がしてる異音モールにありがちなこと,駐車場が水商売のトラックで満車,32.44
0,野蛮なナース,こいつが来たとき用のナースコールがある,83.01
1,野蛮なナース,刺してから名前聞く,77.37
2,野蛮なナース,死に損ないって呼ぶ,75.11
3,野蛮なナース,頭脳派のナースと組む,69.47
4,野蛮なナース,ビンタで眠らせる,69.47
5,野蛮なナース,あぶって止血する,68.34
6,野蛮なナース,破いた服で止血する,68.34
7,野蛮なナース,それでは実力を測っていきますね,68.34
8,野蛮なナース,次、癌の人どうぞ,68.34
9,野蛮なナース,手袋を知らない,67.21
10,野蛮なナース,そいつの恐怖症ができた,67.21
11,野蛮なナース,ガムテープの減りが早い,66.08
12,野蛮なナース,針を刺しきる,64.95
13,野蛮なナース,打ってから聞く,64.95
14,野蛮なナース,酒を噴いて消毒する,64.95
15,野蛮なナース,腎臓はもう一つありますから,64.95
16,野蛮なナース,患者を余命で呼ぶ,63.82
17,野蛮なナース,「とどめだ」と言って刺す,63.82
18,野蛮なナース,注射器をグーで持つ,63.82
19,野蛮なナース,足でどかす,62.69
20,野蛮なナース,包帯を口で締める,62.69
21,野蛮なナース,点滴を踏んで止める,62.69
22,野蛮なナース,良いか悪いかだけ書く,61.56
23,野蛮なナース,注射器をグーで握ってる,61.56
24,野蛮なナース,樽でバリウム飲ませる,61.56
25,野蛮なナース,歯で切ろうとする,61.56
26,野蛮なナース,痛くないところありますか,61.56
27,野蛮なナース,ドスッとしますよー,60.43
28,野蛮なナース,助走して注射打つ,60.43
29,野蛮なナース,1体、2体と数える,59.31
30,野蛮なナース,点滴が樽に繋がってる,59.31
31,野蛮なナース,ナースコールに遠吠えで返事する,59.31
32,野蛮なナース,銅鑼で呼ぶ,59.31
33,野蛮なナース,カーテンで拭き取る,58.18
34,野蛮なナース,まず酒を吹きかける,58.18
35,野蛮なナース,点滴を絞ってくる,58.18
36,野蛮なナース,口からウォッカで消毒,57.05
37,野蛮なナース,ド注射しますね,55.92
38,野蛮なナース,あーさーくーらーみーくーるー！！,55.92
39,野蛮なナース,麻酔よりバットの方が早いですよ,55.92
40,野蛮なナース,少しグチャっとしますよ〜,54.79
41,野蛮なナース,全部成長痛らしい,54.79
42,野蛮なナース,「死にてえのか」で黙らす,54.79
43,野蛮なナース,だから好かれてる,53.66
44,野蛮なナース,血が見たいからナースになった,53.66
45,野蛮なナース,連打したら来る,53.66
46,野蛮なナース,ノールック注射,52.53
47,野蛮なナース,ナースからもコールする,52.53
48,野蛮なナース,患者を寿命で呼ぶ,51.4
49,野蛮なナース,タバコの火を押し当てて消毒する,51.4
50,野蛮なナース,予防接種の時期になると興奮する,51.4
51,野蛮なナース,採った血でカルテを書く,51.4
52,野蛮なナース,野外でやる,51.4
53,野蛮なナース,片手で持ち上げる,51.4
54,野蛮なナース,夕方の唾ぁ、つけに来やした,50.27
55,野蛮なナース,朝採ったアロエを塗る,50.27
56,野蛮なナース,病院近くの洞窟に住んでる,50.27
57,野蛮なナース,ナースコールが法螺貝,50.27
58,野蛮なナース,ギブスを打楽器にして祝う,50.27
59,野蛮なナース,カーテンの下から入ってくる,50.27
60,野蛮なナース,顔的にO型の血液でいいですか？,50.27
61,野蛮なナース,釘みたいに注射打つ,49.14
62,野蛮なナース,たまに殺すことある,49.14
63,野蛮なナース,あ～ん～ぐ～ら～～！,49.14
64,野蛮なナース,次動いたら斧使いますねー,49.14
65,野蛮なナース,病院食で「ニンニク入れますか？」,49.14
66,野蛮なナース,病院内で患者増やしてる,49.14
67,野蛮なナース,天敵を撃つ,49.14
68,野蛮なナース,ザクッとしますよー,49.14
69,野蛮なナース,唾で消毒する,48.02
70,野蛮なナース,メスって言われてキレる,48.02
71,野蛮なナース,鎖で縛って採血する,48.02
72,野蛮なナース,全て絆創膏で解決する,48.02
73,野蛮なナース,縛る用の聴診器も持ってる,48.02
74,野蛮なナース,クリミアの天心,46.89
75,野蛮なナース,院内をスケボーで移動する。,46.89
76,野蛮なナース,流木に乗って遅刻してくる,46.89
77,野蛮なナース,これ、あたしが手術してみても良いですか？,46.89
78,野蛮なナース,救急車のボンネットに患者を縛りつける,46.89
79,野蛮なナース,血を見てお腹が鳴る,45.76
80,野蛮なナース,口に含んだ大五郎で消毒,45.76
81,野蛮なナース,ド注射,45.76
82,野蛮なナース,ちょっとガブッとしますよ,45.76
83,野蛮なナース,注射を握ってる,45.76
84,野蛮なナース,採血のことをぶっこ抜きと呼んでる,45.76
85,野蛮なナース,どの患者さんも「患者」と呼ぶ,45.76
86,野蛮なナース,やけに長い手洗い,45.76
87,野蛮なナース,骨を握っている,45.76
88,野蛮なナース,右腕が注射針になってる,45.76
89,野蛮なナース,観賞用、仕事用、個人で使う用で採血をする,44.63
90,野蛮なナース,食べ物の匂いで部屋に呼ぶ,44.63
91,野蛮なナース,点滴を一気に引き抜く,44.63
92,野蛮なナース,あ～！さ～！く～！ら～！(院内をバイクで疾走),44.63
93,野蛮なナース,もう点滴飲みませんか？,44.63
94,野蛮なナース,ザクっとしますよー,43.5
95,野蛮なナース,バカ腹減ったズラ,43.5
96,野蛮なナース,本能の椎名林檎,43.5
97,野蛮なナース,注射針をペロリとなめる,43.5
98,野蛮なナース,採血方法が口吸い,43.5
99,野蛮なナース,本能のままに窓ガラスを蹴破る,43.5
100,野蛮なナース,吹き矢で血抜く,43.5
101,野蛮なナース,ア〜サ〜シ〜ン〜!!!,43.5
102,野蛮なナース,痛みが強くなったら皮膚でもつねって紛らわせてください,43.5
103,野蛮なナース,野蛮なナース、ヤバナス,42.37
104,野蛮なナース,体温計をチンコに挿す,42.37
105,野蛮なナース,あちこちのブースから「いでー」と声が聞こえる,42.37
106,野蛮なナース,鷲掴んで脈測った,42.37
107,野蛮なナース,では傷口をお舐めしますね,42.37
108,野蛮なナース,一言を待ってる,42.37
109,野蛮なナース,テーブルクロス引きみたいに患者の寝てるベッドから敷布団だけ回収する,42.37
110,野蛮なナース,クスリは歌舞伎町の方でもらってください,42.37
111,野蛮なナース,舐めて消毒する,42.37
112,野蛮なナース,採血は鼻血から取る,42.37
113,野蛮なナース,落ち込んでる人には一旦アドレナリンを刺す,42.37
114,野蛮なナース,ちょーーーっとグサッとしますよ〜,42.37
115,野蛮なナース,足踏みで脈をとる,42.37
116,野蛮なナース,戦場に比べたらまだマシよ,42.37
117,野蛮なナース,上手い人ほど一発で心臓を突く,41.24
118,野蛮なナース,ウホッとしますね,41.24
119,野蛮なナース,切開の前日は寝られない,41.24
120,野蛮なナース,鼻血で検血,41.24
121,野蛮なナース,ドスを渡した,41.24
122,野蛮なナース,噛みながら吸ってる,41.24
123,野蛮なナース,手当り次第全員採血する,41.24
124,野蛮なナース,白衣の天使をよそおう殺意の悪魔,40.11
125,野蛮なナース,献血の針を舐めてから刺す,40.11
126,野蛮なナース,医者に器具を渡す時毎回ふりかぶる,40.11
127,野蛮なナース,チ…ヨコセ,40.11
128,野蛮なナース,☆☆★★★:女優はいい,40.11
129,野蛮なナース,「メス」で交尾が始まる,40.11
130,野蛮なナース,手術室に入ってくる,40.11
131,野蛮なナース,ﾁｸｯっていくぜぇ～↑↑,40.11
132,野蛮なナース,ちょっとガブっとしますよ〜,40.11
133,野蛮なナース,アッハハハハ、この針に秘訣があんすよ,38.98
134,野蛮なナース,注射するときに針をべろ～んってする,38.98
135,野蛮なナース,地面触った手でオペに挑む,38.98
136,野蛮なナース,鉄バットで輸血する,37.85
137,野蛮なナース,"冷徹なレタース
あっち行けキャベーツ",37.85
138,野蛮なナース,好きです。,37.85
139,野蛮なナース,ヒャッハー！採血の時間だぜ〜！,37.85
140,野蛮なナース,樹液を注射する,36.73
141,野蛮なナース,メス持ったら人格変わる,36.73
142,野蛮なナース,やっちゃってみますね,33.34
143,野蛮なナース,ナース服が迷彩柄,33.34
144,野蛮なナース,アボリジニ〜,32.21
145,野蛮なナース,おじゃる丸〜今日こそエンマ大王様の「イキスギ唐辛子」を返してもらうよ！！,32.21
0,奇跡を起こし続けた犬,吠えるたびに咲く,83.31
1,奇跡を起こし続けた犬,鏡より先に吠えた,73.84
2,奇跡を起こし続けた犬,人間を拾ってきた,71.95
3,奇跡を起こし続けた犬,吠えてアレクサを起動した,70.06
4,奇跡を起こし続けた犬,100万回死ぬはずだった犬,70.06
5,奇跡を起こし続けた犬,外国に捨てても帰ってきた,70.06
6,奇跡を起こし続けた犬,猫を産んだ,66.27
7,奇跡を起こし続けた犬,記憶では馬として残ってる,66.27
8,奇跡を起こし続けた犬,曲がらずに着く,66.27
9,奇跡を起こし続けた犬,ニュースだとさん付け,64.38
10,奇跡を起こし続けた犬,WAONも認知してる,64.38
11,奇跡を起こし続けた犬,今年の漢字が「犬」になった,62.48
12,奇跡を起こし続けた犬,桃太郎抜きで鬼に勝った,62.48
13,奇跡を起こし続けた犬,戸籍に入った,62.48
14,奇跡を起こし続けた犬,火星で先に待ってる,62.48
15,奇跡を起こし続けた犬,テンまで鳴いた,62.48
16,奇跡を起こし続けた犬,「110」と鳴いた,60.59
17,奇跡を起こし続けた犬,銀の盾まではいった,58.69
18,奇跡を起こし続けた犬,九九を言い切った,58.69
19,奇跡を起こし続けた犬,県によって鳴き方かえる,58.69
20,奇跡を起こし続けた犬,まさか星座になるとはね,58.69
21,奇跡を起こし続けた犬,入閣した,56.8
22,奇跡を起こし続けた犬,渋谷にもっと大きい像が建った,56.8
23,奇跡を起こし続けた犬,ビンの中にいる,56.8
24,奇跡を起こし続けた犬,ワンツーと鳴く,56.8
25,奇跡を起こし続けた犬,4！(オタクが4回死ぬ),56.8
26,奇跡を起こし続けた犬,あらゆる棒に当たった,56.8
27,奇跡を起こし続けた犬,青信号しかみたことない,54.91
28,奇跡を起こし続けた犬,その名はデコピン,54.91
29,奇跡を起こし続けた犬,通称シヴァ犬,54.91
30,奇跡を起こし続けた犬,ちんこからコーラ出た(チンコーラ),54.91
31,奇跡を起こし続けた犬,フィリピンの言語を7分間話した後、即死する,53.01
32,奇跡を起こし続けた犬,影に子犬がいる,53.01
33,奇跡を起こし続けた犬,犬の独立宣言をする,53.01
34,奇跡を起こし続けた犬,絵本で儲けた,53.01
35,奇跡を起こし続けた犬,水をミルクに変え、ジャーキーを増やし、犬々を救った,53.01
36,奇跡を起こし続けた犬,うどんが完成した,53.01
37,奇跡を起こし続けた犬,大体の命を救った,51.12
38,奇跡を起こし続けた犬,去勢手術を4回受けたのにサカる,51.12
39,奇跡を起こし続けた犬,SASUKEを完全制覇した,51.12
40,奇跡を起こし続けた犬,知らない顔をする,51.12
41,奇跡を起こし続けた犬,人間と繁殖できた,51.12
42,奇跡を起こし続けた犬,散歩すると虹がでる,51.12
43,奇跡を起こし続けた犬,水を飲む時、水が真ん中から左右に分かれる,49.23
44,奇跡を起こし続けた犬,南極で国を作った,49.23
45,奇跡を起こし続けた犬,ワンチャンある＝絶対叶う,49.23
46,奇跡を起こし続けた犬,脱税で捕まった,49.23
47,奇跡を起こし続けた犬,建てられた銅像も当然のように動いた,49.23
48,奇跡を起こし続けた犬,飼い主が芸能活動を始める,49.23
49,奇跡を起こし続けた犬,オスなのにTHE Wで2連覇した,47.33
50,奇跡を起こし続けた犬,遺跡の上に埋めた,47.33
51,奇跡を起こし続けた犬,歴史の教科書に載ってしまった,47.33
52,奇跡を起こし続けた犬,ダブルピースで写真に写った。,47.33
53,奇跡を起こし続けた犬,最終、犬に戻った,47.33
54,奇跡を起こし続けた犬,ドミノを倒さず出産した,47.33
55,奇跡を起こし続けた犬,絶滅しなかった,45.44
56,奇跡を起こし続けた犬,好きなエサを選べる,45.44
57,奇跡を起こし続けた犬,もうハイジを介さずに喋れる,45.44
58,奇跡を起こし続けた犬,人間国宝になった,45.44
59,奇跡を起こし続けた犬,囲まれて逝く,45.44
60,奇跡を起こし続けた犬,猿の友達を作り続けた,45.44
61,奇跡を起こし続けた犬,毎朝今日のわんこつける,45.44
62,奇跡を起こし続けた犬,マークテストで満点を取った,45.44
63,奇跡を起こし続けた犬,ワンチャンをものにし続けた,45.44
64,奇跡を起こし続けた犬,気づいた瞬間普通の犬になる,45.44
65,奇跡を起こし続けた犬,虹の向こうでまた会えた,45.44
66,奇跡を起こし続けた犬,アメリカに着いてた,43.55
67,奇跡を起こし続けた犬,10.1匹ワンちゃん,43.55
68,奇跡を起こし続けた犬,今年の漢字が「🐶」になった,43.55
69,奇跡を起こし続けた犬,渋谷駅前のハチ公の横に銅像ができる,43.55
70,奇跡を起こし続けた犬,迫り来る棒全回避,43.55
71,奇跡を起こし続けた犬,南極大陸で全匹生存,43.55
72,奇跡を起こし続けた犬,奇跡を起こし続けた犬芸人のアメトークが組まれる,43.55
73,奇跡を起こし続けた犬,徒歩で沖縄に着いた,43.55
74,奇跡を起こし続けた犬,棒に当たらず寿命を迎えた,43.55
75,奇跡を起こし続けた犬,普段まったく吠えない,41.65
76,奇跡を起こし続けた犬,｢ワン｣一点張りで暗算コンテスト優勝,41.65
77,奇跡を起こし続けた犬,昨日は猫だったはずなのに,41.65
78,奇跡を起こし続けた犬,飼い主以外の生物を一度も見ずに天誅を全うした,41.65
79,奇跡を起こし続けた犬,「ワンビリバボー」というアンビリバボーの特番を組まれた,41.65
80,奇跡を起こし続けた犬,数々の遠吠えを勝ちにしてきた,41.65
81,奇跡を起こし続けた犬,地球の公転を一瞬ではあるが確実に止めた,41.65
82,奇跡を起こし続けた犬,チェリオを発明した,41.65
83,奇跡を起こし続けた犬,お手！「ワン！」おすわり！「ワン！」財務整理！「ワン！」国士無双！「ワン！」,41.65
84,奇跡を起こし続けた犬,犬も歩けば棒に当たる100連続,41.65
85,奇跡を起こし続けた犬,ハンター試験に合格した,41.65
86,奇跡を起こし続けた犬,マークテストの答えが全て1だった,39.76
87,奇跡を起こし続けた犬,入閣した,39.76
88,奇跡を起こし続けた犬,あと数世代でチワワに辿り着く,39.76
89,奇跡を起こし続けた犬,棒に当たらない,39.76
90,奇跡を起こし続けた犬,お台場に着いた,39.76
91,奇跡を起こし続けた犬,今は地球の裏側で元気に暮らしている,37.86
92,奇跡を起こし続けた犬,アカデミー賞主演男優賞受賞,37.86
93,奇跡を起こし続けた犬,奇跡を起こした人間を食べている,37.86
94,奇跡を起こし続けた犬,名前がラッキー,37.86
95,奇跡を起こし続けた犬,しかし、奇跡が目を覚ますことはありませんでした。,37.86
96,奇跡を起こし続けた犬,シュレディンガーの犬と呼ばれない,35.97
97,奇跡を起こし続けた犬,言葉に聞こえるとかもカウントされてる,35.97
98,奇跡を起こし続けた犬,ここ掘れわんわんで掘り当てた油田が鬼ヶ島を沈没させた,34.08
99,奇跡を起こし続けた犬,花咲か爺さんの死体を掘り起こした,34.08
100,奇跡を起こし続けた犬,ソース会社の経営を立て直したことをきっかけに後にブルドッグソースと名付けられた,32.18
0,性格にかなり問題のあるカーナビ,目的地が不釣り合いです,79.74
1,性格にかなり問題のあるカーナビ,「だから」から始まる,78.13
2,性格にかなり問題のあるカーナビ,今日もご実家からですね,74.9
3,性格にかなり問題のあるカーナビ,最初に全部言い切った,73.29
4,性格にかなり問題のあるカーナビ,まもなく挫折です,71.67
5,性格にかなり問題のあるカーナビ,今の行かないんですね,70.06
6,性格にかなり問題のあるカーナビ,次の交差点を [広告:15秒] 右です,68.44
7,性格にかなり問題のあるカーナビ,そうなると思ってました,65.21
8,性格にかなり問題のあるカーナビ,右折です。右に曲がると言う意味です。,63.6
9,性格にかなり問題のあるカーナビ,車内が臭いと鼻声になる,63.6
10,性格にかなり問題のあるカーナビ,kmじゃなくマイルで言ってくる,61.98
11,性格にかなり問題のあるカーナビ,言われる前に行動しよっか,61.98
12,性格にかなり問題のあるカーナビ,複数人乗ってると喋れない,61.98
13,性格にかなり問題のあるカーナビ,ためて一気に言う,61.98
14,性格にかなり問題のあるカーナビ,根性、曲がります,60.37
15,性格にかなり問題のあるカーナビ,俺から見て右だろ,60.37
16,性格にかなり問題のあるカーナビ,助手席いりませんね,60.37
17,性格にかなり問題のあるカーナビ,潰れた店だけ表示する,60.37
18,性格にかなり問題のあるカーナビ,「目的地 周辺です。何か言うことは？」,58.75
19,性格にかなり問題のあるカーナビ,貴方が目的地を設定するまでに5分かかりました,55.52
20,性格にかなり問題のあるカーナビ,老人ホームを墓地と呼ぶ,55.52
21,性格にかなり問題のあるカーナビ,赤信号、直進です,55.52
22,性格にかなり問題のあるカーナビ,カーセックスを検知する,53.91
23,性格にかなり問題のあるカーナビ,この先、西方向です。,53.91
24,性格にかなり問題のあるカーナビ,行きたくありません,52.29
25,性格にかなり問題のあるカーナビ,無い道足す,52.29
26,性格にかなり問題のあるカーナビ,自分のタイミングで喋ってくる,52.29
27,性格にかなり問題のあるカーナビ,安いガソリンは入れさせてくれない,52.29
28,性格にかなり問題のあるカーナビ,助手席にいる人だけが酔うルートを提案してくる,52.29
29,性格にかなり問題のあるカーナビ,誠意が足りないため、案内を終了します,52.29
30,性格にかなり問題のあるカーナビ,ウインカーの音に合わせて舌打ちする,52.29
31,性格にかなり問題のあるカーナビ,最初に早口で全部言う,50.68
32,性格にかなり問題のあるカーナビ,強いていうなら後ろです,50.68
33,性格にかなり問題のあるカーナビ,たまに英語になる,50.68
34,性格にかなり問題のあるカーナビ,｢着いたら起こしてー｣,50.68
35,性格にかなり問題のあるカーナビ,着いてから指摘する,50.68
36,性格にかなり問題のあるカーナビ,間に合ったとてです,50.68
37,性格にかなり問題のあるカーナビ,どうすればいいんだろうね,50.68
38,性格にかなり問題のあるカーナビ,へそが右折してる,50.68
39,性格にかなり問題のあるカーナビ,それくらいのスピード違反ができる勇気があるんだったら、あの子を助けたらよかったのに,49.06
40,性格にかなり問題のあるカーナビ,道を間違えると舌打ちが聞こえる,49.06
41,性格にかなり問題のあるカーナビ,遠まわりして笑う,49.06
42,性格にかなり問題のあるカーナビ,軽に乗ってる男をいじりまくる,49.06
43,性格にかなり問題のあるカーナビ,右折でした。,49.06
44,性格にかなり問題のあるカーナビ,「お前ひとりやん、別れた？」,47.45
45,性格にかなり問題のあるカーナビ,目的地を入れると「そこ行ったけどさ、」で始まる感想を言ってくる,47.45
46,性格にかなり問題のあるカーナビ,「目的地周辺です、お疲れ様でした（笑）」,47.45
47,性格にかなり問題のあるカーナビ,お前、ヤバいです,47.45
48,性格にかなり問題のあるカーナビ,目的地に行く目的がありません、設定を解除します,47.45
49,性格にかなり問題のあるカーナビ,事故現場に行く,47.45
50,性格にかなり問題のあるカーナビ,この先 事故多発地帯にします,47.45
51,性格にかなり問題のあるカーナビ,やーだ、こっちに行きたい！,45.84
52,性格にかなり問題のあるカーナビ,“右”に寄せようとしてくる,45.84
53,性格にかなり問題のあるカーナビ,そこの私有地右で,45.84
54,性格にかなり問題のあるカーナビ,右方向に行きたいとき左に3回曲がらせる,45.84
55,性格にかなり問題のあるカーナビ,目的地の反対車線側に到着いたしました。,45.84
56,性格にかなり問題のあるカーナビ,通り過ぎてから言う,45.84
57,性格にかなり問題のあるカーナビ,となりの県を敵と言う,45.84
58,性格にかなり問題のあるカーナビ,ディーラーに戻りたいと泣く,45.84
59,性格にかなり問題のあるカーナビ,右折知らないなら言ってくださいね,45.84
60,性格にかなり問題のあるカーナビ,次の右折、インを突いて抜きます,45.84
61,性格にかなり問題のあるカーナビ,教習で音楽を流す,45.84
62,性格にかなり問題のあるカーナビ,ここから先、4万㎝の渋滞です,45.84
63,性格にかなり問題のあるカーナビ,1km手前で右折です,44.22
64,性格にかなり問題のあるカーナビ,この前の角を左でした,44.22
65,性格にかなり問題のあるカーナビ,左折だけで着く,44.22
66,性格にかなり問題のあるカーナビ,この先直進です、あなたの未来はお先真っ暗ですが,44.22
67,性格にかなり問題のあるカーナビ,助手席の女は誰よ,44.22
68,性格にかなり問題のあるカーナビ,実はひとつ前を右です,44.22
69,性格にかなり問題のあるカーナビ,もう疲れました。終電もありませんし、休憩していきませんか？,42.61
70,性格にかなり問題のあるカーナビ,人生の分かれ道失敗しましたね,42.61
71,性格にかなり問題のあるカーナビ,どこに行くにも一旦美容整形外科を経由される,42.61
72,性格にかなり問題のあるカーナビ,100m(メートル)先(さき)右(みぎ)です,42.61
73,性格にかなり問題のあるカーナビ,今のとこ右折でした笑,42.61
74,性格にかなり問題のあるカーナビ,200m後ろ左方向でした,40.99
75,性格にかなり問題のあるカーナビ,水分は摂らないでください。,40.99
76,性格にかなり問題のあるカーナビ,200メートル前、左折でした。ザマァw,40.99
77,性格にかなり問題のあるカーナビ,いつも目的地最寄りの暴力団事務所の門前で停車させたがる,40.99
78,性格にかなり問題のあるカーナビ,10km前、実は左ですwww,40.99
79,性格にかなり問題のあるカーナビ,さっきの道、右です,39.38
80,性格にかなり問題のあるカーナビ,ベロ出しながら吸う,39.38
81,性格にかなり問題のあるカーナビ,アイカ村を経由させようとする,39.38
82,性格にかなり問題のあるカーナビ,今の右やったわ,39.38
83,性格にかなり問題のあるカーナビ,ちょっと溶けてから吐く,39.38
84,性格にかなり問題のあるカーナビ,絶対語尾に「w」がついた喋り方をする,39.38
85,性格にかなり問題のあるカーナビ,さっき曲がっていれば5秒得をしていました。,37.76
86,性格にかなり問題のあるカーナビ,曲がるとき交差点に進入してから言う,37.76
87,性格にかなり問題のあるカーナビ,100m前右方向でした笑,37.76
88,性格にかなり問題のあるカーナビ,未消化のやつを吐く,37.76
89,性格にかなり問題のあるカーナビ,高速で寝過ごしてしまう,36.15
90,性格にかなり問題のあるカーナビ,潔癖症で他人に触られると嫌がらせをする,31.3
91,性格にかなり問題のあるカーナビ,新人ドライバーの運転ミスに小言を言ってくる,31.3
0,車たちが通う学校でありそうなこと,てめーどこ駐だコラ,87.13
1,車たちが通う学校でありそうなこと,組体操で轟,84.38
2,車たちが通う学校でありそうなこと,「豊」を小1で習う,77.49
3,車たちが通う学校でありそうなこと,冬でも半ドアの奴いる,76.12
4,車たちが通う学校でありそうなこと,金八「轟という字は車と車と車が支え合ってる」,73.36
5,車たちが通う学校でありそうなこと,夏休み明けに車高が低くなっている,70.61
6,車たちが通う学校でありそうなこと,中古が過去問持ってる,67.85
7,車たちが通う学校でありそうなこと,冬でもオープンカーの奴がいる,62.35
8,車たちが通う学校でありそうなこと,お前どこ製だよ,62.35
9,車たちが通う学校でありそうなこと,左利きがモテる,60.97
10,車たちが通う学校でありそうなこと,「気をつけ」の代わりに「ニュートラル」,60.97
11,車たちが通う学校でありそうなこと,ヤンキーがワイパー立ててる,60.97
12,車たちが通う学校でありそうなこと,小学校まではスポーツカーがモテる,59.59
13,車たちが通う学校でありそうなこと,お前はあの衝突事故の！,59.59
14,車たちが通う学校でありそうなこと,廊下は徐行しましょう,58.22
15,車たちが通う学校でありそうなこと,車高が低いと生活指導の先生に怒られる,55.46
16,車たちが通う学校でありそうなこと,洗車機を地獄のシャワーと呼んでいる,55.46
17,車たちが通う学校でありそうなこと,1ヶ月洗車してない自慢しちゃう,55.46
18,車たちが通う学校でありそうなこと,ドッジボールの時サイドミラーたたむ,55.46
19,車たちが通う学校でありそうなこと,タイヤが体育館の天井に挟まっている,55.46
20,車たちが通う学校でありそうなこと,軽専用の席ある,55.46
21,車たちが通う学校でありそうなこと,今日は23日だから日産の鈴木,55.46
22,車たちが通う学校でありそうなこと,お前同じガソリンスタンドかよー！！,54.08
23,車たちが通う学校でありそうなこと,軽油はおやつに入りますか,54.08
24,車たちが通う学校でありそうなこと,あ、ここハイブリッドのクラスなんですけど,54.08
25,車たちが通う学校でありそうなこと,私立は学食でハイオクが出る,54.08
26,車たちが通う学校でありそうなこと,廊下で飛ばしすぎるとオービスが光る,54.08
27,車たちが通う学校でありそうなこと,吹奏楽部のクラクションが聞こえる,54.08
28,車たちが通う学校でありそうなこと,廊下は徐行,52.71
29,車たちが通う学校でありそうなこと,ジープの一人称が「オデ」,52.71
30,車たちが通う学校でありそうなこと,最後に轢いたやつが片付ける,51.33
31,車たちが通う学校でありそうなこと,当てられないナンバーもいる,51.33
32,車たちが通う学校でありそうなこと,「あいつ左ハンドルだから授業料免除らしいよ」,51.33
33,車たちが通う学校でありそうなこと,ペンを左で持つやつは外車,51.33
34,車たちが通う学校でありそうなこと,遅刻遅刻〜！→児童ら7人怪我,51.33
35,車たちが通う学校でありそうなこと,赤ちゃんが乗ってますのステッカーを貼って退学するやつがいる,51.33
36,車たちが通う学校でありそうなこと,間違えて先生を整備士って呼んじゃう,49.95
37,車たちが通う学校でありそうなこと,卒業生のリコール,49.95
38,車たちが通う学校でありそうなこと,陽キャのハイオクグループにうまく溶け込めてるレギュラーがいる,49.95
39,車たちが通う学校でありそうなこと,避難訓練が渋滞みたいになる,49.95
40,車たちが通う学校でありそうなこと,女子が下敷きでボンネットの中を扇ぐ,49.95
41,車たちが通う学校でありそうなこと,退学を「廃車」って言う,49.95
42,車たちが通う学校でありそうなこと,救急車だけ早弁を許される,49.95
43,車たちが通う学校でありそうなこと,魔の廊下がある,49.95
44,車たちが通う学校でありそうなこと,二人三脚が二車六輪になってる,48.58
45,車たちが通う学校でありそうなこと,高級車がレッカー車に乗ってやってくる,48.58
46,車たちが通う学校でありそうなこと,自称進学校は一方通行という言葉を使いがち,48.58
47,車たちが通う学校でありそうなこと,分かったらクラクション鳴らす,48.58
48,車たちが通う学校でありそうなこと,そっと車間距離を空けられる,48.58
49,車たちが通う学校でありそうなこと,曲がり角で転校生と事故る,48.58
50,車たちが通う学校でありそうなこと,いつも寡黙なプリウスがキレるとヤバい,48.58
51,車たちが通う学校でありそうなこと,君たちのエンジンがかかるまでに2分かかりました。,48.58
52,車たちが通う学校でありそうなこと,アメ車は早弁しないと昼前に動けなくなる,47.2
53,車たちが通う学校でありそうなこと,保健の先生が整備士のおじさん,47.2
54,車たちが通う学校でありそうなこと,ワイパーで円描く,47.2
55,車たちが通う学校でありそうなこと,自習中にクラクションが鳴りまくっている,47.2
56,車たちが通う学校でありそうなこと,あいつ事故って無期停学だってよ,47.2
57,車たちが通う学校でありそうなこと,ブーンブー両道を目指す,47.2
58,車たちが通う学校でありそうなこと,アメ車が早弁してる,45.82
59,車たちが通う学校でありそうなこと,全部自動ドア,45.82
60,車たちが通う学校でありそうなこと,「起立」でバイクがウィリーする,45.82
61,車たちが通う学校でありそうなこと,積載車で通う金持ちがいる,45.82
62,車たちが通う学校でありそうなこと,体育館裏で大麻の形した芳香剤が見つかって問題になる,45.82
63,車たちが通う学校でありそうなこと,廊下は走るなで詰む,45.82
64,車たちが通う学校でありそうなこと,「売られる前に壊れろ」と習う,44.44
65,車たちが通う学校でありそうなこと,ナンバーカードで呼ばれる,44.44
66,車たちが通う学校でありそうなこと,ドラゴン図鑑見てどれが1番エロいか話し合ってる,44.44
67,車たちが通う学校でありそうなこと,プリウスくん「SUVはシャバい」,44.44
68,車たちが通う学校でありそうなこと,角でぶつかって責任追及が始まる,44.44
69,車たちが通う学校でありそうなこと,ブレーキランプ34回点滅、「一段落目音読」のサイン,44.44
70,車たちが通う学校でありそうなこと,トイレで隠れながらマフラーをふかすヤンキー,44.44
71,車たちが通う学校でありそうなこと,誰も電気消せない,43.07
72,車たちが通う学校でありそうなこと,いっけなーい遅刻遅刻っ！→大クラッシュ,43.07
73,車たちが通う学校でありそうなこと,廊下は安全運転,43.07
74,車たちが通う学校でありそうなこと,校門前で竹刀を持ったボルボがアイドリングしてる,43.07
75,車たちが通う学校でありそうなこと,大型二輪車は一軍グループ,43.07
76,車たちが通う学校でありそうなこと,補習に金かかる,43.07
77,車たちが通う学校でありそうなこと,軽の机に4WDが座ってる,43.07
78,車たちが通う学校でありそうなこと,イジメがすぐバレる,43.07
79,車たちが通う学校でありそうなこと,先生が｢こうじょう｣って言うとニヤつく,43.07
80,車たちが通う学校でありそうなこと,小学生まではぶーぶーと呼ばれる,43.07
81,車たちが通う学校でありそうなこと,シャトルランは小回りがきかないので記録の平均値が低い,41.69
82,車たちが通う学校でありそうなこと,体育を燃料切れを理由にさぼる。,41.69
83,車たちが通う学校でありそうなこと,上から見ると買えそう,41.69
84,車たちが通う学校でありそうなこと,車校ではなく、車学,41.69
85,車たちが通う学校でありそうなこと,転校生のトレーラーにビビる,40.31
86,車たちが通う学校でありそうなこと,プリウスくんが毎朝校門に突っ込んで遅刻,40.31
87,車たちが通う学校でありそうなこと,伊達ヘッドライトが流行って全校集会,38.94
88,車たちが通う学校でありそうなこと,ガシャーーーン！あいたたた〜☆,38.94
89,車たちが通う学校でありそうなこと,みんなで給食食べてるときに家から持ってきたハイオク食べてるやつがいる,38.94
90,車たちが通う学校でありそうなこと,車同士で、赤ちゃん車をつくり学校辞める。,37.56
91,車たちが通う学校でありそうなこと,ビジュアル勢は窓際族,36.18
92,車たちが通う学校でありそうなこと,男子は黒、女子は赤、転校生は茶色のハンドルカバーを付けてる,36.18
93,車たちが通う学校でありそうなこと,給油の時間では好きな子の後に並ぼうとする車がいる,36.18
94,車たちが通う学校でありそうなこと,行事になるとフロントガラスをデコる,34.8
95,車たちが通う学校でありそうなこと,陸送車で投稿する,34.8
96,車たちが通う学校でありそうなこと,校長｢えー、君たちが静かになるまでに私の暖気が済みました…｣,33.43
0,地球に落ちようとしていた隕石が突然軌道を変えた。なぜ？,GACKTがAの星に行くの見えた,81.44
1,地球に落ちようとしていた隕石が突然軌道を変えた。なぜ？,キムタク「ちょメテオ💢」,78.54
2,地球に落ちようとしていた隕石が突然軌道を変えた。なぜ？,やっぱり言葉で伝えたい,71.28
3,地球に落ちようとしていた隕石が突然軌道を変えた。なぜ？,先輩が展示されてる,71.28
4,地球に落ちようとしていた隕石が突然軌道を変えた。なぜ？,想像してた青じゃない,69.82
5,地球に落ちようとしていた隕石が突然軌道を変えた。なぜ？,今落ちてもウケない,69.82
6,地球に落ちようとしていた隕石が突然軌道を変えた。なぜ？,ちょうど混む時間帯,68.37
7,地球に落ちようとしていた隕石が突然軌道を変えた。なぜ？,そっちのレジの方が空いていた,66.92
8,地球に落ちようとしていた隕石が突然軌道を変えた。なぜ？,こんな雰囲気になるとは思わなかった,66.92
9,地球に落ちようとしていた隕石が突然軌道を変えた。なぜ？,夜分遅くは申し訳ない,65.47
10,地球に落ちようとしていた隕石が突然軌道を変えた。なぜ？,本当にダメな時のやめてだと思った,65.47
11,地球に落ちようとしていた隕石が突然軌道を変えた。なぜ？,知り合いかと思ったら違った,62.56
12,地球に落ちようとしていた隕石が突然軌道を変えた。なぜ？,別の方向に巨乳の隕石が落ちてた,62.56
13,地球に落ちようとしていた隕石が突然軌道を変えた。なぜ？,予言者に恥をかかせたい,62.56
14,地球に落ちようとしていた隕石が突然軌道を変えた。なぜ？,誰も撮っていない,62.56
15,地球に落ちようとしていた隕石が突然軌道を変えた。なぜ？,ヤバそうなジジイと目が合った,61.11
16,地球に落ちようとしていた隕石が突然軌道を変えた。なぜ？,明日だった,61.11
17,地球に落ちようとしていた隕石が突然軌道を変えた。なぜ？,見られると緊張する,61.11
18,地球に落ちようとしていた隕石が突然軌道を変えた。なぜ？,対策してる恐竜がいた,61.11
19,地球に落ちようとしていた隕石が突然軌道を変えた。なぜ？,昨日調べた花があった,61.11
20,地球に落ちようとしていた隕石が突然軌道を変えた。なぜ？,うしろから救急車来た,59.66
21,地球に落ちようとしていた隕石が突然軌道を変えた。なぜ？,隕石母「もしもし今からあんたの部屋掃除するけどいいわよね？」,59.66
22,地球に落ちようとしていた隕石が突然軌道を変えた。なぜ？,思いのほか歓迎ムードだった,59.66
23,地球に落ちようとしていた隕石が突然軌道を変えた。なぜ？,結束がムカつく,59.66
24,地球に落ちようとしていた隕石が突然軌道を変えた。なぜ？,決め台詞が出てこない,59.66
25,地球に落ちようとしていた隕石が突然軌道を変えた。なぜ？,まだ2ラップ目,58.2
26,地球に落ちようとしていた隕石が突然軌道を変えた。なぜ？,おっ、エロ惑星発見♡,58.2
27,地球に落ちようとしていた隕石が突然軌道を変えた。なぜ？,スクイズを見抜いた,56.75
28,地球に落ちようとしていた隕石が突然軌道を変えた。なぜ？,ウェルカムな雰囲気が無い,56.75
29,地球に落ちようとしていた隕石が突然軌道を変えた。なぜ？,インド人が踊った,56.75
30,地球に落ちようとしていた隕石が突然軌道を変えた。なぜ？,当たったら痛そう,53.85
31,地球に落ちようとしていた隕石が突然軌道を変えた。なぜ？,受験生への配慮,53.85
32,地球に落ちようとしていた隕石が突然軌道を変えた。なぜ？,またアースにしよう,53.85
33,地球に落ちようとしていた隕石が突然軌道を変えた。なぜ？,先にお金おろしたい,52.39
34,地球に落ちようとしていた隕石が突然軌道を変えた。なぜ？,子隕石の助けを求める声がした,52.39
35,地球に落ちようとしていた隕石が突然軌道を変えた。なぜ？,保険入ってない,52.39
36,地球に落ちようとしていた隕石が突然軌道を変えた。なぜ？,もっといい服がある,52.39
37,地球に落ちようとしていた隕石が突然軌道を変えた。なぜ？,ネクストバッターが大谷だった,52.39
38,地球に落ちようとしていた隕石が突然軌道を変えた。なぜ？,本名で呼ばれた,52.39
39,地球に落ちようとしていた隕石が突然軌道を変えた。なぜ？,キレのあるスライダー,50.94
40,地球に落ちようとしていた隕石が突然軌道を変えた。なぜ？,玄関にお土産忘れた,50.94
41,地球に落ちようとしていた隕石が突然軌道を変えた。なぜ？,続編が決まった,50.94
42,地球に落ちようとしていた隕石が突然軌道を変えた。なぜ？,他のスーパーの方が安かった,50.94
43,地球に落ちようとしていた隕石が突然軌道を変えた。なぜ？,寸止めが癖になってる,50.94
44,地球に落ちようとしていた隕石が突然軌道を変えた。なぜ？,蛙化した,50.94
45,地球に落ちようとしていた隕石が突然軌道を変えた。なぜ？,月が上目遣いしてきた,50.94
46,地球に落ちようとしていた隕石が突然軌道を変えた。なぜ？,まだ成長したい,49.49
47,地球に落ちようとしていた隕石が突然軌道を変えた。なぜ？,撮れ高が十分だった,49.49
48,地球に落ちようとしていた隕石が突然軌道を変えた。なぜ？,もっと人が集まってから,49.49
49,地球に落ちようとしていた隕石が突然軌道を変えた。なぜ？,家のカギ閉めたか忘れた,48.04
50,地球に落ちようとしていた隕石が突然軌道を変えた。なぜ？,帰りを待つ家族がいた,48.04
51,地球に落ちようとしていた隕石が突然軌道を変えた。なぜ？,でっかい宇宙人が投げたスライダー,48.04
52,地球に落ちようとしていた隕石が突然軌道を変えた。なぜ？,月の美しさに目標を見失った,46.58
53,地球に落ちようとしていた隕石が突然軌道を変えた。なぜ？,自由の女神が強そう,46.58
54,地球に落ちようとしていた隕石が突然軌道を変えた。なぜ？,月が振り向いた,46.58
55,地球に落ちようとしていた隕石が突然軌道を変えた。なぜ？,細かい理由はわからないがエアロスミスの曲が流れた,46.58
56,地球に落ちようとしていた隕石が突然軌道を変えた。なぜ？,こないだも落ちた所だ,46.58
57,地球に落ちようとしていた隕石が突然軌道を変えた。なぜ？,やめてって言われた,45.13
58,地球に落ちようとしていた隕石が突然軌道を変えた。なぜ？,鍵閉めたっけ？,45.13
59,地球に落ちようとしていた隕石が突然軌道を変えた。なぜ？,室伏広治が吉田沙保里を投げてきそうだったから,45.13
60,地球に落ちようとしていた隕石が突然軌道を変えた。なぜ？,NASAへの焦らしプレイ,45.13
61,地球に落ちようとしていた隕石が突然軌道を変えた。なぜ？,地球が思ったより暑かった,45.13
62,地球に落ちようとしていた隕石が突然軌道を変えた。なぜ？,その日が予言の日だった,45.13
63,地球に落ちようとしていた隕石が突然軌道を変えた。なぜ？,俺が絶滅させたいのは人間,45.13
64,地球に落ちようとしていた隕石が突然軌道を変えた。なぜ？,落ち先に一輪のたんぽぽが咲いていたので,45.13
65,地球に落ちようとしていた隕石が突然軌道を変えた。なぜ？,月といい感じの雰囲気になってた,45.13
66,地球に落ちようとしていた隕石が突然軌道を変えた。なぜ？,羽目を外しすぎた人類が見えた,43.68
67,地球に落ちようとしていた隕石が突然軌道を変えた。なぜ？,格上の人間がいた,43.68
68,地球に落ちようとしていた隕石が突然軌道を変えた。なぜ？,鳥の巣があった,43.68
69,地球に落ちようとしていた隕石が突然軌道を変えた。なぜ？,隣の星から良い匂いがした,43.68
70,地球に落ちようとしていた隕石が突然軌道を変えた。なぜ？,たつき諒が予言してた,43.68
71,地球に落ちようとしていた隕石が突然軌道を変えた。なぜ？,今落ちても損しかしなさそう,43.68
72,地球に落ちようとしていた隕石が突然軌道を変えた。なぜ？,家の鍵閉め忘れてた,43.68
73,地球に落ちようとしていた隕石が突然軌道を変えた。なぜ？,もっと人が住んでいる星を見つけたから,43.68
74,地球に落ちようとしていた隕石が突然軌道を変えた。なぜ？,周りに誰もいない,43.68
75,地球に落ちようとしていた隕石が突然軌道を変えた。なぜ？,先客がいた,43.68
76,地球に落ちようとしていた隕石が突然軌道を変えた。なぜ？,知ってる人だった,43.68
77,地球に落ちようとしていた隕石が突然軌道を変えた。なぜ？,M-1が見られなくなる,43.68
78,地球に落ちようとしていた隕石が突然軌道を変えた。なぜ？,隕石が死を恐れたから,42.23
79,地球に落ちようとしていた隕石が突然軌道を変えた。なぜ？,方違え,42.23
80,地球に落ちようとしていた隕石が突然軌道を変えた。なぜ？,せんとくんヤバい,42.23
81,地球に落ちようとしていた隕石が突然軌道を変えた。なぜ？,地球滅亡の予言の日に堕ちようとしてたが、予言が当たったってなるのが嫌だった,42.23
82,地球に落ちようとしていた隕石が突然軌道を変えた。なぜ？,橋本環奈が見えた,42.23
83,地球に落ちようとしていた隕石が突然軌道を変えた。なぜ？,Mr.マリック「ハンドパワー」,42.23
84,地球に落ちようとしていた隕石が突然軌道を変えた。なぜ？,着地点に吉田沙保里がいた,42.23
85,地球に落ちようとしていた隕石が突然軌道を変えた。なぜ？,マックみっけ,42.23
86,地球に落ちようとしていた隕石が突然軌道を変えた。なぜ？,本物の予言と思われてしまう,42.23
87,地球に落ちようとしていた隕石が突然軌道を変えた。なぜ？,火星に松潤がいたらしい,42.23
88,地球に落ちようとしていた隕石が突然軌道を変えた。なぜ？,カードショップみたいな臭いがした,42.23
89,地球に落ちようとしていた隕石が突然軌道を変えた。なぜ？,家のエアコン消し忘れてた,42.23
90,地球に落ちようとしていた隕石が突然軌道を変えた。なぜ？,たむろするヤンキーが見えた,40.77
91,地球に落ちようとしていた隕石が突然軌道を変えた。なぜ？,最近ギスギスしてるから見てたい,40.77
92,地球に落ちようとしていた隕石が突然軌道を変えた。なぜ？,吉田沙保里と目があった,40.77
93,地球に落ちようとしていた隕石が突然軌道を変えた。なぜ？,流石に煽りか,40.77
94,地球に落ちようとしていた隕石が突然軌道を変えた。なぜ？,忘れ物思い出した,40.77
95,地球に落ちようとしていた隕石が突然軌道を変えた。なぜ？,企業tiktok撮ってた,40.77
96,地球に落ちようとしていた隕石が突然軌道を変えた。なぜ？,隕石にも良心はあった,40.77
97,地球に落ちようとしていた隕石が突然軌道を変えた。なぜ？,可愛いペンギンの存在に気付いちゃったから,40.77
98,地球に落ちようとしていた隕石が突然軌道を変えた。なぜ？,好きな子ができた,40.77
99,地球に落ちようとしていた隕石が突然軌道を変えた。なぜ？,忘れ物思い出した,39.32
100,地球に落ちようとしていた隕石が突然軌道を変えた。なぜ？,実は大谷が銀河から投げたスイーパーだった,39.32
101,地球に落ちようとしていた隕石が突然軌道を変えた。なぜ？,家の鍵を閉め忘れた気がした,39.32
102,地球に落ちようとしていた隕石が突然軌道を変えた。なぜ？,土星にもミニストップがあった,39.32
103,地球に落ちようとしていた隕石が突然軌道を変えた。なぜ？,家の鍵閉めたっけ,36.42
104,地球に落ちようとしていた隕石が突然軌道を変えた。なぜ？,ママについて行く,36.42
105,地球に落ちようとしていた隕石が突然軌道を変えた。なぜ？,スライダー回転がかかっていた,36.42
106,地球に落ちようとしていた隕石が突然軌道を変えた。なぜ？,忘れ物を思い出した,36.42
107,地球に落ちようとしていた隕石が突然軌道を変えた。なぜ？,ガス栓を閉め忘れた,34.96
108,地球に落ちようとしていた隕石が突然軌道を変えた。なぜ？,目の前をちんたら走行するお年寄りがいた,33.51
0,犬のお巡りさんのバッドエンド,名前を呼んでも動かない,89.67
1,犬のお巡りさんのバッドエンド,私の落ち度はどこですか,88.09
2,犬のお巡りさんのバッドエンド,「困ってしまって」などと供述しており,70.71
3,犬のお巡りさんのバッドエンド,杉下右京「犬に務まる仕事では、なかったということですよ」,69.13
4,犬のお巡りさんのバッドエンド,うるさい方から撃たれた,67.56
5,犬のお巡りさんのバッドエンド,野性が理性を上回った,65.98
6,犬のお巡りさんのバッドエンド,あなたのおうちは”ここ”ですか...,65.98
7,犬のお巡りさんのバッドエンド,こねこちゃんは、なかなくなった。,64.4
8,犬のお巡りさんのバッドエンド,田舎に左遷でワンマンワンマン,62.82
9,犬のお巡りさんのバッドエンド,泣きながら飼い主に手錠かけた,62.82
10,犬のお巡りさんのバッドエンド,「わからない」が名前だった,62.82
11,犬のお巡りさんのバッドエンド,やっぱ神奈川犬警はダメだな,61.24
12,犬のお巡りさんのバッドエンド,鳴き声が弱まっていく,61.24
13,犬のお巡りさんのバッドエンド,お巡りさんたら聞かずに食べた,61.24
14,犬のお巡りさんのバッドエンド,ネット民に子猫の家を特定される,61.24
15,犬のお巡りさんのバッドエンド,本官の拳銃はどこですか,61.24
16,犬のお巡りさんのバッドエンド,証拠は胃の中にある,59.66
17,犬のお巡りさんのバッドエンド,結局野良猫だった,59.66
18,犬のお巡りさんのバッドエンド,墓に敬礼する,59.66
19,犬のお巡りさんのバッドエンド,さっき逮捕した猫が親だった,59.66
20,犬のお巡りさんのバッドエンド,身体に聞いても解らない,58.08
21,犬のお巡りさんのバッドエンド,水を怖がるようになってしまった,58.08
22,犬のお巡りさんのバッドエンド,カラスとスズメが遺体で見つかる,56.5
23,犬のお巡りさんのバッドエンド,警察手帳を置いて首輪をつけた,56.5
24,犬のお巡りさんのバッドエンド,歌い手が逮捕された,56.5
25,犬のお巡りさんのバッドエンド,子猫から子犬が産まれる,56.5
26,犬のお巡りさんのバッドエンド,お家を聞いてもさだまさし　名前を聞いてもさだまさし　アーアーアアー　アーアーアアー(北の国から),54.92
27,犬のお巡りさんのバッドエンド,親ネコからの訴訟で負けた,54.92
28,犬のお巡りさんのバッドエンド,自分のマーキング上書きされる,53.34
29,犬のお巡りさんのバッドエンド,犬のお巡りさんが自身の人生に迷ってしまう,53.34
30,犬のお巡りさんのバッドエンド,叱る大人が来た,53.34
31,犬のお巡りさんのバッドエンド,鼻と勘が良すぎた,53.34
32,犬のお巡りさんのバッドエンド,もともと子猫ちゃんなんていなかった,53.34
33,犬のお巡りさんのバッドエンド,ごめんね弱くて,51.76
34,犬のお巡りさんのバッドエンド,困ってしまってバンバンババン,51.76
35,犬のお巡りさんのバッドエンド,わたしのおうちはどこですか,51.76
36,犬のお巡りさんのバッドエンド,「臭いで見つけます！」と言ったきり帰ってこなかった,50.18
37,犬のお巡りさんのバッドエンド,子猫が宗教二世だった,50.18
38,犬のお巡りさんのバッドエンド,「うちの子を泣かせた上に仕事放棄してただ泣いている」と管轄の大きな警察署にクレームが入り無事にクビ,50.18
39,犬のお巡りさんのバッドエンド,偽物の親に引き渡す,50.18
40,犬のお巡りさんのバッドエンド,数年後大罪を犯したねこを撃つ,50.18
41,犬のお巡りさんのバッドエンド,考えるのを辞めた,50.18
42,犬のお巡りさんのバッドエンド,子猫を救えなくて自信を失ってしまい、自分も「道」に迷ってしまう,50.18
43,犬のお巡りさんのバッドエンド,知りすぎてしまってわんわんわわん、わんわんわわん,50.18
44,犬のお巡りさんのバッドエンド,うそ泣きだった,48.6
45,犬のお巡りさんのバッドエンド,残業手当が出なかった,48.6
46,犬のお巡りさんのバッドエンド,子猫は去年死んだはず…,48.6
47,犬のお巡りさんのバッドエンド,動物愛護団体の抗議を受けた,48.6
48,犬のお巡りさんのバッドエンド,逮捕状を食べるくろやぎさん,48.6
49,犬のお巡りさんのバッドエンド,自分のために流した涙でないことに子猫が気づいてしまう。,48.6
50,犬のお巡りさんのバッドエンド,困ってしまって「バウ！ワウ！バウワウ！！」と鳴いたため、外来種と判明し、就労ビザを求められるも不所持が発覚。,48.6
51,犬のお巡りさんのバッドエンド,猫としての記憶もなくなる,47.02
52,犬のお巡りさんのバッドエンド,"困ってしまったなぁ…なぜ私が""麻薬探知犬""だと分かった？",47.02
53,犬のお巡りさんのバッドエンド,迷子の子猫が毎回消息不明になる,47.02
54,犬のお巡りさんのバッドエンド,犬のお巡り、と呼び捨てされる,47.02
55,犬のお巡りさんのバッドエンド,狂ってしまって　バンバンババーン　バンバンババーン,47.02
56,犬のお巡りさんのバッドエンド,抱きしめて離さない,47.02
57,犬のお巡りさんのバッドエンド,保健所送り,45.44
58,犬のお巡りさんのバッドエンド,交番のティッシュがなくなる,45.44
59,犬のお巡りさんのバッドエンド,市長が迎えに来る,45.44
60,犬のお巡りさんのバッドエンド,バッジが雨で溶けた,45.44
61,犬のお巡りさんのバッドエンド,仲間のくしゃみが止まらない,45.44
62,犬のお巡りさんのバッドエンド,違法性の指摘があった,45.44
63,犬のお巡りさんのバッドエンド,困ってしまって斬 斬 斬 惨,45.44
64,犬のお巡りさんのバッドエンド,バターにつられて,45.44
65,犬のお巡りさんのバッドエンド,交番を燃やされる,45.44
66,犬のお巡りさんのバッドエンド,遺失物として届けられた猫を無断で自宅に持ち帰ったとみられ,45.44
67,犬のお巡りさんのバッドエンド,そのまま泣き続け街が涙に沈んだ,45.44
68,犬のお巡りさんのバッドエンド,お巡りさん自身も分からなくなる,43.86
69,犬のお巡りさんのバッドエンド,困ってしまってﾊﾟﾝ🔫ﾊﾟﾝ🔫ﾊﾟﾊﾟﾝ🔫🔫,43.86
70,犬のお巡りさんのバッドエンド,"困ってしまってBANG,BANG",43.86
71,犬のお巡りさんのバッドエンド,ハニートラップが理由で降格した,43.86
72,犬のお巡りさんのバッドエンド,母猫ちゃんからの訴訟,43.86
73,犬のお巡りさんのバッドエンド,警視庁のマスコットにされる,43.86
74,犬のお巡りさんのバッドエンド,労働者であったことに気づく,43.86
75,犬のお巡りさんのバッドエンド,犬のお巡りさんもにゃんにゃん泣いちゃった,43.86
76,犬のお巡りさんのバッドエンド,またママに頼ってしまった,43.86
77,犬のお巡りさんのバッドエンド,存在を忘れる,43.86
78,犬のお巡りさんのバッドエンド,そもそもまず1番が困ってしまってわんわんわわーんで終わりがバッドすぎる。,42.28
79,犬のお巡りさんのバッドエンド,犬のお巡りさん、困ってしまってBANG!! BANG!! BANG BANG!!,42.28
80,犬のお巡りさんのバッドエンド,現行犯逮捕,42.28
81,犬のお巡りさんのバッドエンド,ピットブルの警視長官にクビを宣告される,42.28
82,犬のお巡りさんのバッドエンド,困ってしまってバンバンババン,42.28
83,犬のお巡りさんのバッドエンド,血統書の偽造がバレて記者会見,42.28
84,犬のお巡りさんのバッドエンド,保健所送り,42.28
85,犬のお巡りさんのバッドエンド,察処分,40.7
86,犬のお巡りさんのバッドエンド,3回巡ってワンで逃げられる,40.7
87,犬のお巡りさんのバッドエンド,迷子の子猫をなんとか助けようとするも、何もできずに困り果て、咽び泣くことしかできなかった。,40.7
88,犬のお巡りさんのバッドエンド,生爪剥いでも「クソ喰らえ」,40.7
89,犬のお巡りさんのバッドエンド,共に島へ流される,40.7
90,犬のお巡りさんのバッドエンド,警察犬が勝手に1人で行動するな戻るぞ,40.7
91,犬のお巡りさんのバッドエンド,お互い成仏できてない,39.12
92,犬のお巡りさんのバッドエンド,泣いてばかりのこねこちゃん　なんだかポスターで見たことあるな,37.55
93,犬のお巡りさんのバッドエンド,"困ってしまって
「ワン ワン ワン ワーン」",37.55
94,犬のお巡りさんのバッドエンド,吠えすぎて保健所に送られた,37.55
95,犬のお巡りさんのバッドエンド,犬周りさんになる,37.55
96,犬のお巡りさんのバッドエンド,困ってしまってパン！(銃声),37.55
97,犬のお巡りさんのバッドエンド,ゾンビ化して迷子の子猫を襲う,37.55
98,犬のお巡りさんのバッドエンド,ネコと一緒に迷子になってしまった,35.97
99,犬のお巡りさんのバッドエンド,犬なら食べるので食べました,35.97
100,犬のお巡りさんのバッドエンド,こﾝなんで死なんてわんわんわわーん🎵,35.97
101,犬のお巡りさんのバッドエンド,子猫を引き取るも、慣れない育児に身を削る毎日を経て、鬱になり仕事を退職。生活が苦しくなり、犬は子猫を捨てた。迷子の子猫は再びわんわんと泣き始めた。,35.97
0,路上教習中に言われた衝撃の一言,囲まれてるね,83.54
1,路上教習中に言われた衝撃の一言,今のはいい事故,78.45
2,路上教習中に言われた衝撃の一言,二手に分かれよう,75.91
3,路上教習中に言われた衝撃の一言,解き放て,69.54
4,路上教習中に言われた衝撃の一言,そこ壊すと早い,69.54
5,路上教習中に言われた衝撃の一言,もっと運転の顔して,69.54
6,路上教習中に言われた衝撃の一言,俺も免許取ろうかな,69.54
7,路上教習中に言われた衝撃の一言,相手から見て右な,68.27
8,路上教習中に言われた衝撃の一言,ここで降ろして,67.0
9,路上教習中に言われた衝撃の一言,私が原因の花です,67.0
10,路上教習中に言われた衝撃の一言,恥ずかしいからライト消して,67.0
11,路上教習中に言われた衝撃の一言,ブーブーは好きかい,65.73
12,路上教習中に言われた衝撃の一言,では産みます,64.45
13,路上教習中に言われた衝撃の一言,会わせたい人がいるんだ,64.45
14,路上教習中に言われた衝撃の一言,死は救済ですし,63.18
15,路上教習中に言われた衝撃の一言,陸路はここまで,63.18
16,路上教習中に言われた衝撃の一言,足で踏もうか,61.91
17,路上教習中に言われた衝撃の一言,ああいう時は轢くんだよ,61.91
18,路上教習中に言われた衝撃の一言,海まで行っちゃおうか,60.64
19,路上教習中に言われた衝撃の一言,嘘を付く信号あるから,60.64
20,路上教習中に言われた衝撃の一言,乾杯しようか,59.36
21,路上教習中に言われた衝撃の一言,ちなみに仏滅だよ,59.36
22,路上教習中に言われた衝撃の一言,無いよS字とか,58.09
23,路上教習中に言われた衝撃の一言,ここで降ろして,58.09
24,路上教習中に言われた衝撃の一言,今のは轢いていい人,58.09
25,路上教習中に言われた衝撃の一言,トランクは開けるなよ,58.09
26,路上教習中に言われた衝撃の一言,もしかして教官だと思ってる？,56.82
27,路上教習中に言われた衝撃の一言,轢くなら大胆に,56.82
28,路上教習中に言われた衝撃の一言,ここまでノーダメで来れたのはアツい,56.82
29,路上教習中に言われた衝撃の一言,完全に迷いました,56.82
30,路上教習中に言われた衝撃の一言,最悪俺に乗れ,56.82
31,路上教習中に言われた衝撃の一言,轢いていい鳩です,56.82
32,路上教習中に言われた衝撃の一言,君じゃなかったです,55.55
33,路上教習中に言われた衝撃の一言,私が左を見ますので,55.55
34,路上教習中に言われた衝撃の一言,この教習が終わったら幼馴染と結婚するんだ,55.55
35,路上教習中に言われた衝撃の一言,数打ちゃ受かります,55.55
36,路上教習中に言われた衝撃の一言,曲かけていい？,54.27
37,路上教習中に言われた衝撃の一言,僕も初めてだから安心して,54.27
38,路上教習中に言われた衝撃の一言,そのまま跳んでみよう,53.0
39,路上教習中に言われた衝撃の一言,私は目隠しを持っています,53.0
40,路上教習中に言われた衝撃の一言,こっからは任せた,53.0
41,路上教習中に言われた衝撃の一言,俺ん家ここだから,51.73
42,路上教習中に言われた衝撃の一言,こんなつまらない教習、2人で抜け出さない？,51.73
43,路上教習中に言われた衝撃の一言,1時間後に起こして,51.73
44,路上教習中に言われた衝撃の一言,良いニュースと悪いニュースがある,51.73
45,路上教習中に言われた衝撃の一言,歩道で手上げてる人いるから乗せようか,50.45
46,路上教習中に言われた衝撃の一言,音声案内を終了します,50.45
47,路上教習中に言われた衝撃の一言,エアバッグが膨らむところ見てみたいな…,50.45
48,路上教習中に言われた衝撃の一言,前の車を追ってください,50.45
49,路上教習中に言われた衝撃の一言,また思い出が増えた,49.18
50,路上教習中に言われた衝撃の一言,まだ音楽聴くのは早いかな,49.18
51,路上教習中に言われた衝撃の一言,"教官「今だけでいいから""お父さん""と呼んでくれないか」",49.18
52,路上教習中に言われた衝撃の一言,俺と車に謝れ,47.91
53,路上教習中に言われた衝撃の一言,今のは轢いてもバレない,47.91
54,路上教習中に言われた衝撃の一言,まだこれを取り締まる法がないだけ,47.91
55,路上教習中に言われた衝撃の一言,俺もそろそろ免許取ろうかな,46.64
56,路上教習中に言われた衝撃の一言,ここ家なんで帰ります,46.64
57,路上教習中に言われた衝撃の一言,私も仮免許なんですよね,46.64
58,路上教習中に言われた衝撃の一言,ここキノコ使うと速い,46.64
59,路上教習中に言われた衝撃の一言,あれは轢いてもいい哺乳類,46.64
60,路上教習中に言われた衝撃の一言,スター今吐いて,46.64
61,路上教習中に言われた衝撃の一言,ここでワイパー押すと裏世界行けます,45.36
62,路上教習中に言われた衝撃の一言,前の車を追ってください。,45.36
63,路上教習中に言われた衝撃の一言,その車、止まりなさい,45.36
64,路上教習中に言われた衝撃の一言,無免許運転で通報します,45.36
65,路上教習中に言われた衝撃の一言,車が誰,45.36
66,路上教習中に言われた衝撃の一言,…10年ぶりだね,45.36
67,路上教習中に言われた衝撃の一言,歩道が広いではないか…行け,45.36
68,路上教習中に言われた衝撃の一言,もうダンスしながらやろう,44.09
69,路上教習中に言われた衝撃の一言,実は逆走は一発合格よ,44.09
70,路上教習中に言われた衝撃の一言,はい検定終了です。シートベルトを締めてください。,44.09
71,路上教習中に言われた衝撃の一言,じゃあ裏のホテル入ってみましょう,44.09
72,路上教習中に言われた衝撃の一言,暴走を止めないと,44.09
73,路上教習中に言われた衝撃の一言,後ろに座ってるのは誰だ,44.09
74,路上教習中に言われた衝撃の一言,じゃ、ウィリーやって,44.09
75,路上教習中に言われた衝撃の一言,踏まれると気持ちいいですからね,44.09
76,路上教習中に言われた衝撃の一言,そのコンビニをショートカット,44.09
77,路上教習中に言われた衝撃の一言,ここまで0キル0デスな生徒は初めて見た,44.09
78,路上教習中に言われた衝撃の一言,ハンドルは感情で回すもんなんだよ,44.09
79,路上教習中に言われた衝撃の一言,催眠術ってホントに効くんだな,44.09
80,路上教習中に言われた衝撃の一言,おめでとうございます,44.09
81,路上教習中に言われた衝撃の一言,"デジャブゥ！ 
I've just been in this place before 
Higher on the street 
And I know it's my time to go　
子犬ゥ！",42.82
82,路上教習中に言われた衝撃の一言,そこ落ちるとショトカできるから,42.82
83,路上教習中に言われた衝撃の一言,まあ轢かなければセーフよ,42.82
84,路上教習中に言われた衝撃の一言,あのマンションに郷ひろみが住んでた,42.82
85,路上教習中に言われた衝撃の一言,明日辞めるので今から無敵の人になりますね,42.82
86,路上教習中に言われた衝撃の一言,翼を生やせ,42.82
87,路上教習中に言われた衝撃の一言,補助ブレーキあるじゃん、これ飾り,42.82
88,路上教習中に言われた衝撃の一言,ここ、出るんだよね,42.82
89,路上教習中に言われた衝撃の一言,伏せろ！見つかったら殺されるぞ,42.82
90,路上教習中に言われた衝撃の一言,あんたのイチモツかよ紛らわしい,42.82
91,路上教習中に言われた衝撃の一言,海を見たいわ,41.55
92,路上教習中に言われた衝撃の一言,この車、免許持ち居なくね？,41.55
93,路上教習中に言われた衝撃の一言,海いかね？,41.55
94,路上教習中に言われた衝撃の一言,これってバイクじゃなかったっけ,41.55
95,路上教習中に言われた衝撃の一言,実は自動運転,41.55
96,路上教習中に言われた衝撃の一言,実は自動運転でした,41.55
97,路上教習中に言われた衝撃の一言,マリカーで練習したことないの？,41.55
98,路上教習中に言われた衝撃の一言,息の根を止めるつもりで,41.55
99,路上教習中に言われた衝撃の一言,ノーアイテムショートカット来るよ〜,41.55
100,路上教習中に言われた衝撃の一言,パパー、まだ着かないのー？,41.55
101,路上教習中に言われた衝撃の一言,あの自転車ね、轢いていいですから,40.27
102,路上教習中に言われた衝撃の一言,多少なら轢いても大丈夫,40.27
103,路上教習中に言われた衝撃の一言,結婚を前提に衝突事故してくれ,40.27
104,路上教習中に言われた衝撃の一言,立ち入り禁止区域入ってからそろそろ5kmね,40.27
105,路上教習中に言われた衝撃の一言,転生って信じてる？,40.27
106,路上教習中に言われた衝撃の一言,ヤツが犯人だ、前の車を追ってくれ,40.27
107,路上教習中に言われた衝撃の一言,それシフトノブじゃない,40.27
108,路上教習中に言われた衝撃の一言,全裸で乗るのはやめましょうね,39.0
109,路上教習中に言われた衝撃の一言,君の運転はネパール以外では違法だよ,39.0
110,路上教習中に言われた衝撃の一言,ちょっとそこのドライブスルー寄ってもらえます？,39.0
111,路上教習中に言われた衝撃の一言,実は先生、運転免許持ってないんだよね,39.0
112,路上教習中に言われた衝撃の一言,そこのキノコはジャンプして加速ね,39.0
113,路上教習中に言われた衝撃の一言,ここ君の家？僕の家？,39.0
114,路上教習中に言われた衝撃の一言,"てか、こっちにもペダルあんだけどw
踏んでみていい？w",37.73
115,路上教習中に言われた衝撃の一言,あ、てかさっき人轢いてたよ,37.73
116,路上教習中に言われた衝撃の一言,ちょっと母に許可とってきますんで,37.73
117,路上教習中に言われた衝撃の一言,続いてこのラブワゴンに乗車するのは,37.73
118,路上教習中に言われた衝撃の一言,それ三輪車だよ,35.18
0,思わず二度見したチラシ、どんなの？,4の付く日は大きなお葬式!!!!,76.96
1,思わず二度見したチラシ、どんなの？,昨日までセール！,74.69
2,思わず二度見したチラシ、どんなの？,もう油吸ってる,72.43
3,思わず二度見したチラシ、どんなの？,✄√キ﹀\_リ︿╱﹀ト╲/╲リ︿_/線︺╲▁,72.43
4,思わず二度見したチラシ、どんなの？,チラシ（上）とチラシ（下）がある,70.16
5,思わず二度見したチラシ、どんなの？,笑った俺が載ってる,65.62
6,思わず二度見したチラシ、どんなの？,閉経セール！！,65.62
7,思わず二度見したチラシ、どんなの？,顔に❌️がある,65.62
8,思わず二度見したチラシ、どんなの？,当社比を下回った,63.36
9,思わず二度見したチラシ、どんなの？,右上に小さい×、下にcloseと書かれている,63.36
10,思わず二度見したチラシ、どんなの？,架空のお魚がいる,61.09
11,思わず二度見したチラシ、どんなの？,俺が探されてる,61.09
12,思わず二度見したチラシ、どんなの？,どう見ても42回折った跡がある,61.09
13,思わず二度見したチラシ、どんなの？,和紙,61.09
14,思わず二度見したチラシ、どんなの？,【募集】おさんぽ大好きな人,58.82
15,思わず二度見したチラシ、どんなの？,お隣さんに懸賞金がかけられてる,58.82
16,思わず二度見したチラシ、どんなの？,二週間で素敵なケンタウロスを目指しませんか,56.55
17,思わず二度見したチラシ、どんなの？,フワちゃん復活,56.55
18,思わず二度見したチラシ、どんなの？,すしまんざい,56.55
19,思わず二度見したチラシ、どんなの？,A1サイズ,56.55
20,思わず二度見したチラシ、どんなの？,新装開店! で実家が写ってた,56.55
21,思わず二度見したチラシ、どんなの？,迷子の蚊を保護しました,56.55
22,思わず二度見したチラシ、どんなの？,3回見たら死ぬ,54.29
23,思わず二度見したチラシ、どんなの？,5割増のクーポンがあった,54.29
24,思わず二度見したチラシ、どんなの？,合格実績No.3！！,54.29
25,思わず二度見したチラシ、どんなの？,安いぜ臓器！   2万円〜,54.29
26,思わず二度見したチラシ、どんなの？,いま二度見したそこのアナタ！,52.02
27,思わず二度見したチラシ、どんなの？,中田敦彦、追い詰めました。,52.02
28,思わず二度見したチラシ、どんなの？,奥行きが測れる,52.02
29,思わず二度見したチラシ、どんなの？,危険！出来立てのグラタン,52.02
30,思わず二度見したチラシ、どんなの？,母の筆跡に見える,52.02
31,思わず二度見したチラシ、どんなの？,チラシ募集,52.02
32,思わず二度見したチラシ、どんなの？,じゅんこ50円,52.02
33,思わず二度見したチラシ、どんなの？,妖怪けむりが出る,52.02
34,思わず二度見したチラシ、どんなの？,この世の全ての色が使われている,52.02
35,思わず二度見したチラシ、どんなの？,物件にうちが載ってた,52.02
36,思わず二度見したチラシ、どんなの？,カサブタができてる,49.75
37,思わず二度見したチラシ、どんなの？,お札が印刷されている,49.75
38,思わず二度見したチラシ、どんなの？,紙のサイズがB7,49.75
39,思わず二度見したチラシ、どんなの？,チラシお断りというお家だけに入れてます。,49.75
40,思わず二度見したチラシ、どんなの？,"__年__組__番
名前________",49.75
41,思わず二度見したチラシ、どんなの？,盗んだから安い,49.75
42,思わず二度見したチラシ、どんなの？,春日のココ　半畳　月3万8千円,49.75
43,思わず二度見したチラシ、どんなの？,右膝を許すな,49.75
44,思わず二度見したチラシ、どんなの？,一年前、オオアリクイにさらわれた夫を探しています。,49.75
45,思わず二度見したチラシ、どんなの？,？？？の商品がある,49.75
46,思わず二度見したチラシ、どんなの？,逆に、努力を裏切る精神で。,47.48
47,思わず二度見したチラシ、どんなの？,買ってみそ,47.48
48,思わず二度見したチラシ、どんなの？,「箸は時代遅れ！」,47.48
49,思わず二度見したチラシ、どんなの？,おかんがイメージキャラクターやってた,47.48
50,思わず二度見したチラシ、どんなの？,一人暮らしを盛り上げます,45.22
51,思わず二度見したチラシ、どんなの？,別のチラシの裏紙で作ってる,45.22
52,思わず二度見したチラシ、どんなの？,当たりが出たら！全額！払え！,45.22
53,思わず二度見したチラシ、どんなの？,美人局スタッフ募集,45.22
54,思わず二度見したチラシ、どんなの？,速達の印が押されてる,45.22
55,思わず二度見したチラシ、どんなの？,漫⭐︎画太郎が描いてる,45.22
56,思わず二度見したチラシ、どんなの？,今日は「囚人の日」,45.22
57,思わず二度見したチラシ、どんなの？,漢字しかない,45.22
58,思わず二度見したチラシ、どんなの？,点数がついてる,45.22
59,思わず二度見したチラシ、どんなの？,隠れミッキーがありそうでない,45.22
60,思わず二度見したチラシ、どんなの？,見たな？,42.95
61,思わず二度見したチラシ、どんなの？,血まみれのネズミを包んだ跡がある,42.95
62,思わず二度見したチラシ、どんなの？,銭単位まで書かれている,42.95
63,思わず二度見したチラシ、どんなの？,サランラップを食べよう,42.95
64,思わず二度見したチラシ、どんなの？,親がのってた,42.95
65,思わず二度見したチラシ、どんなの？,目の前の鳩が二度見していた,42.95
66,思わず二度見したチラシ、どんなの？,もう抗うよ,40.68
67,思わず二度見したチラシ、どんなの？,今年二度目の閉店セール！,40.68
68,思わず二度見したチラシ、どんなの？,試食できる,40.68
69,思わず二度見したチラシ、どんなの？,AGAもきぬた歯科,40.68
70,思わず二度見したチラシ、どんなの？,【秘宝】,40.68
71,思わず二度見したチラシ、どんなの？,「二度見して♡」,38.42
72,思わず二度見したチラシ、どんなの？,"イベント内容
歌手Adoのにらめっこ",38.42
73,思わず二度見したチラシ、どんなの？,戦着10名様限りと記載,38.42
74,思わず二度見したチラシ、どんなの？,ドウェイン・ジョンソンの右肘あります,38.42
75,思わず二度見したチラシ、どんなの？,毎日、脳汁を飲もう,38.42
76,思わず二度見したチラシ、どんなの？,監視カメラ増設記念、,36.15
77,思わず二度見したチラシ、どんなの？,ぱっと見ても宗教か政党かわからない,36.15
78,思わず二度見したチラシ、どんなの？,貰うために街中で行列ができてる,36.15
79,思わず二度見したチラシ、どんなの？,鍋焼きうどんはじめました,36.15
80,思わず二度見したチラシ、どんなの？,『最後の犬安売り』,33.88
81,思わず二度見したチラシ、どんなの？,今だけ消費税廃止！,33.88
82,思わず二度見したチラシ、どんなの？,「ちょっと待って！あ、やっぱ良いわ」,33.88
83,思わず二度見したチラシ、どんなの？,裁判所「明日、お前、死刑」,31.61
